Header Information,3299033649,3/27/2020,FISHER SCIENTIFIC COMPANY LLC,ACCOUNTS PAYABLE,300 INDUSTRY DR,PITTSBURGH PA  15275-1001,
Withdrawals Debits Other,19-Mar,,"-23,632.78",5418THERMO FISHE DES:PAYMENT    ID:RSUSEDUCATION INDN:FSC LLC EDUCATION       CO ID:N042301282 CCD PMT INFO:NETTING\,78018650673,Netting,
Withdrawals Debits Other,24-Mar,,"-159,601.94",8013OHIO-TAXOSUT DES:OH SALESTX ID:000000107280043 INDN:BANK OF AMERICA-        CO ID:1070060004 CCD,83009401780,WIRE,
Withdrawals Debits Other,18-Mar,,"-152,004.10",ADP PAYROLL FEES DES:ADP - FEES ID:101AN   1790874 INDN:THERMO FISHER SCIENTIF  CO ID:9659605001 CCD,77005906492,ADP,
Withdrawals Debits Other,18-Mar,,"-3,927.05",ADP PAYROLL FEES DES:ADP - FEES ID:109L0   2418157 INDN:THERMO FISHER SCIENTIF  CO ID:9659605001 CCD,77005906500,ADP,
Withdrawals Debits Other,18-Mar,,-443.12,ADP PAYROLL FEES DES:ADP - FEES ID:109L1   2418158 INDN:THERMO FISHER SCIENTIF  CO ID:9659605001 CCD,77005906501,ADP,
Withdrawals Debits Other,18-Mar,,-515.4,ADP PAYROLL FEES DES:ADP - FEES ID:109ZV   2456256 INDN:THERMO FISHER SCIENTIF  CO ID:9659605001 CCD,77005906502,ADP,
Withdrawals Debits Other,18-Mar,,-437.62,ADP PAYROLL FEES DES:ADP - FEES ID:10T0W   1293898 INDN:THERMO FISHER SCIENTIF  CO ID:9659605001 CCD,77005906485,ADP,
Withdrawals Debits Other,18-Mar,,"-2,748.58",ADP PAYROLL FEES DES:ADP - FEES ID:15B074471047927 INDN:THERMO FISHER SCIENTIF  CO ID:9659605001 CCD,77005906506,ADP,
Withdrawals Debits Other,18-Mar,,"-67,674.53",ADP PAYROLL FEES DES:ADP - FEES ID:4DER407 1100677 INDN:THERMO FISHER SCIENTIF  CO ID:9659605001 CCD,77005906505,ADP,
Withdrawals Debits Other,18-Mar,,"-78,836.93",ADP PAYROLL FEES DES:ADP - FEES ID:6DC8380 1063615 INDN:THERMO FISHER SCIENTIF  CO ID:9659605001 CCD,77005906509,ADP,
Withdrawals Debits Other,16-Mar,,"-15,552.06",AL ONESPOT TAX   DES:Alabama.go ID:20206664320 INDN:FISHER SCIENTIFIC COMP  CO ID:2621862182 CCD,76007460236,WIRE,
Withdrawals Debits Other,16-Mar,,"-18,612.98",ALATAX           DES:PRA INC    ID:062473 INDN:Fisher Scientific Comp  CO ID:1541794735 PPD,73010506716,WIRE,
Withdrawals Debits Other,16-Mar,,"-3,361.11",AL-DEPT OF REV DES:DIRECT DBT ID:      229693824 INDN:FISHER SCIENTIFIC COMP  CO ID:ADORCCD000 CCD,73010826611,WIRE,
Withdrawals Debits Other,17-Mar,,"-38,916.35",AL-DEPT OF REV DES:DIRECT DBT ID:      507258240 INDN:FISHER SCIENTIFIC COMP  CO ID:ADORCCD000 CCD,77000856950,WIRE,
Withdrawals Debits Other,17-Mar,,"-39,388.00",AR DFA REVENUE   DES:PAYMENT    ID:00202860 INDN:FISHER SCIENTIFIC COMP  CO ID:1742843318 CCD PMT INFO:TXP*00202860*04022*20200229*T*0003938800 *0000ATAP226806144*20200316*RTNPYM\,76014784579,WIRE,
Withdrawals Debits Other,25-Mar,,"-13,100.00",AR DFA REVENUE   DES:PAYMENT    ID:00202860 INDN:FISHER SCIENTIFIC COMP  CO ID:1742843318 CCD PMT INFO:TXP*00202860*04205*20200331*T*0001310000 *0000ATAP873075072*20200324*PREPYM\,84013659902,WIRE,
Withdrawals Debits Other,13-Mar,,"-13,100.00",AR DFA REVENUE   DES:PAYMENT    ID:00202860 INDN:FISHER SCIENTIFIC COMP  CO ID:1742843318 CCD PMT INFO:TXP*00202860*04205*20200331*T*0001310000 *000ATAP2017036672*20200312*PREPYM\,72016132277,WIRE,
Withdrawals Debits Other,27-Mar,,"-5,151.06",ATMOS ENERGY RCR DES:UTIL PYMT  ID:004016540626 INDN:THERMO FISHER SCIENTIF  CO ID:9000000091 PPD,87004212854,WIRE,
Withdrawals Debits Other,19-Mar,,"-190,943.04",AZ DEPT OF REV   DES:CCDDIR.DBT ID:100152843 INDN:FISHER SCIENTIFIC COMP  CO ID:4866004791 CCD,78018971588,WIRE,
Withdrawals Debits Other,2-Mar,,"-1,793,890.34",BANK CARD        DES:PAYMENT    ID:471529120306554 INDN:THERMO FISHER           CO ID:3001190310 CCD,62009012634,Epayables,
Withdrawals Debits Other,9-Mar,,"-2,603,685.94",BANK CARD        DES:PAYMENT    ID:471529120306554 INDN:THERMO FISHER           CO ID:3001190310 CCD,69010499961,Epayables,
Withdrawals Debits Other,16-Mar,,"-1,890,139.05",BANK CARD        DES:PAYMENT    ID:471529120306554 INDN:THERMO FISHER           CO ID:3001190310 CCD,76003021089,Epayables,
Withdrawals Debits Other,23-Mar,,"-1,533,666.90",BANK CARD        DES:PAYMENT    ID:471529120306554 INDN:THERMO FISHER           CO ID:3001190310 CCD,83001713096,Epayables,
Withdrawals Debits Other,17-Mar,,-59.77,Bossier Parish   DES:SALES TAX  ID:00460351 INDN:Fisher Scientific Comp  CO ID:4726000179 CCD,77000928681,WIRE,
Withdrawals Debits Other,17-Mar,,"-4,596,779.00",CA DEPT TAX FEE  DES:CDTFA EPMT ID:4826646 INDN:FISHER SCIENTIFIC CO L  CO ID:2822162215 CCD,77003237814,WIRE,
Withdrawals Debits Other,13-Mar,,"-1,089.95",CITY OF ARVADA   DES:BILLPAY    ID:CITY OF ARVADA INDN:FISHER SCIENTIFIC LLC   CO ID:0000000160 WEB,72017983691,WIRE,
Withdrawals Debits Other,16-Mar,,"-2,906.26",CITY OF AURORA   DES:TAX        ID:2066726912 INDN:FISHER SCIENTIFIC CO    CO ID:8846000564 CCD,76007448131,WIRE,
Withdrawals Debits Other,4-Mar,,-25,City of K.C.MO.  DES:EtaxSystem ID:1061638144 INDN:THERMO FISHER SCIENTIF  CO ID:3446000201 CCD,64007754611,WIRE,
Withdrawals Debits Other,4-Mar,,-25,City of K.C.MO.  DES:EtaxSystem ID:1888178176 INDN:THERMO FISHER SCIENTIF  CO ID:3446000201 CCD,64007754612,WIRE,
Withdrawals Debits Other,13-Mar,,-35.91,CityOfGlenwoodSp DES:PURCHASE   ID:62924115 INDN:FISHER SCIENTIFIC CO L  CO ID:4013137ZST CCD,73002346266,WIRE,
Withdrawals Debits Other,11-Mar,,"-1,188.15",COFIM            DES:PAGOIVUMUN ID:3002007000JL INDN:FISHER SCIENTIFIC COMP  CO ID:7660826364 CCD PMT INFO:TXP*02417180015 *SLT  *200229*T*00001188 15*180015*200310*1602*035              \,70017798883,WIRE,
Withdrawals Debits Other,11-Mar,,-24.16,COFIM            DES:PAGOIVUMUN ID:3002007000JQ INDN:FISHER SCIENTIFIC COMP  CO ID:7660826364 CCD PMT INFO:TXP*02417180033 *SLT  *200229*T*00000024 16*180033*200310*1605*013              \,70017798885,WIRE,
Withdrawals Debits Other,18-Mar,,"-4,468.10",COMED            DES:UTIL_BIL   ID:7991794003 0318 INDN:FISHER SCIENTIFIC CO    CO ID:2360938600 CCD,77006663118,WIRE,
Withdrawals Debits Other,4-Mar,,-418.77,COMED            DES:UTIL_BIL   ID:7991795000 0304 INDN:FISHER SCIENTIFIC CO    CO ID:2360938600 CCD,63008601216,WIRE,
Withdrawals Debits Other,18-Mar,,"-1,885.88",COMED            DES:UTIL_BIL   ID:7991795000 0318 INDN:FISHER SCIENTIFIC CO    CO ID:2360938600 CCD,77006663119,WIRE,
Withdrawals Debits Other,16-Mar,,"-248,650.47",COMM OF MASS EFT DES:MA DOR PAY ID:1995000192 INDN:FISHER SCIENTIFIC CO L  CO ID:4602285821 CCD,73009681543,WIRE,
Withdrawals Debits Other,20-Mar,,"-124,140.89",COMMWLTHOFPA INT DES:PASTSALETX ID:232942737 INDN:1320000001846489        CO ID:1236003133 CCD PMT INFO:TXP*81481003       *1052 *200331*T*00124 14089* *A*             *20200320\,79018511749,WIRE,
Withdrawals Debits Other,18-Mar,,"-162,155.22",COMP OF MARYLAND DES:DIR DB RAD ID:004820076031866 INDN:                        CO ID:4526002033 PPD,77010011912,WIRE,
Deposits Credits,2-Mar,,67.92,CONCUR           DES:ABORT      ID:C02080GBX000 INDN:Life Technologies (For  CO ID:2911608052 CCD PMT INFO:CCUSBS,59013191628,CONCUR,
Deposits Credits,11-Mar,,43,CONCUR           DES:ABORT      ID:C020EO2CX008 INDN:Life Technologies (For  CO ID:2911608052 CCD PMT INFO:CCUSBS,70014487277,CONCUR,
Deposits Credits,17-Mar,,"1,025.53",CONCUR           DES:ABORT      ID:C020H896X002 INDN:Life Technologies (For  CO ID:2911608052 CCD PMT INFO:CCUSBS,76013801831,CONCUR,
Withdrawals Debits Other,2-Mar,,"-2,196.08",CONCUR           DES:CASH       ID:C0207AVTX000 INDN:Life Technologies (For  CO ID:1911608052 CCD PMT INFO:CCUSBS,59013191837,CONCUR,
Withdrawals Debits Other,3-Mar,,"-8,693.35",CONCUR           DES:CASH       ID:C020814VX000 INDN:Life Technologies (For  CO ID:1911608052 CCD PMT INFO:CCUSBS,62023419010,CONCUR,
Withdrawals Debits Other,4-Mar,,"-3,640.51",CONCUR           DES:CASH       ID:C0208YG2X000 INDN:Life Technologies (For  CO ID:1911608052 CCD PMT INFO:CCUSBS,63011158147,CONCUR,
Withdrawals Debits Other,5-Mar,,"-8,835.20",CONCUR           DES:CASH       ID:C0209V2HX009 INDN:Life Technologies (For  CO ID:1911608052 CCD PMT INFO:CCUSBS,64018285721,CONCUR,
Withdrawals Debits Other,6-Mar,,"-8,638.16",CONCUR           DES:CASH       ID:C020B16XX001 INDN:Life Technologies (For  CO ID:1911608052 CCD PMT INFO:CCUSBS,65012597015,CONCUR,
Withdrawals Debits Other,9-Mar,,"-7,708.06",CONCUR           DES:CASH       ID:C020BUPOX002 INDN:Life Technologies (For  CO ID:1911608052 CCD PMT INFO:CCUSBS,66015307444,CONCUR,
Withdrawals Debits Other,10-Mar,,"-7,081.69",CONCUR           DES:CASH       ID:C020CN98X003 INDN:Life Technologies (For  CO ID:1911608052 CCD PMT INFO:CCUSBS,69021324151,CONCUR,
Withdrawals Debits Other,11-Mar,,"-10,824.06",CONCUR           DES:CASH       ID:C020DLCNX003 INDN:Life Technologies (For  CO ID:1911608052 CCD PMT INFO:CCUSBS,70014487394,CONCUR,
Withdrawals Debits Other,12-Mar,,"-5,922.69",CONCUR           DES:CASH       ID:C020EP2YX002 INDN:Life Technologies (For  CO ID:1911608052 CCD PMT INFO:CCUSBS,71009536830,CONCUR,
Withdrawals Debits Other,13-Mar,,"-5,891.93",CONCUR           DES:CASH       ID:C020FRFOX004 INDN:Life Technologies (For  CO ID:1911608052 CCD PMT INFO:CCUSBS,72015188102,CONCUR,
Withdrawals Debits Other,16-Mar,,"-3,121.42",CONCUR           DES:CASH       ID:C020GINCX007 INDN:Life Technologies (For  CO ID:1911608052 CCD PMT INFO:CCUSBS,73007743919,CONCUR,
Withdrawals Debits Other,17-Mar,,"-3,038.34",CONCUR           DES:CASH       ID:C020H99WX008 INDN:Life Technologies (For  CO ID:1911608052 CCD PMT INFO:CCUSBS,76013802202,CONCUR,
Withdrawals Debits Other,18-Mar,,"-5,603.36",CONCUR           DES:CASH       ID:C020I22ZX002 INDN:Life Technologies (For  CO ID:1911608052 CCD PMT INFO:CCUSBS,77009065590,CONCUR,
Withdrawals Debits Other,19-Mar,,"-4,099.81",CONCUR           DES:CASH       ID:C020J0S1X007 INDN:Life Technologies (For  CO ID:1911608052 CCD PMT INFO:CCUSBS,78013251734,CONCUR,
Withdrawals Debits Other,20-Mar,,"-3,101.29",CONCUR           DES:CASH       ID:C020JWGHX003 INDN:Life Technologies (For  CO ID:1911608052 CCD PMT INFO:CCUSBS,79016369252,CONCUR,
Withdrawals Debits Other,23-Mar,,"-1,235.22",CONCUR           DES:CASH       ID:C020KLVTX005 INDN:Life Technologies (For  CO ID:1911608052 CCD PMT INFO:CCUSBS,80007315534,CONCUR,
Withdrawals Debits Other,24-Mar,,"-1,642.32",CONCUR           DES:CASH       ID:C020LC3FX008 INDN:Life Technologies (For  CO ID:1911608052 CCD PMT INFO:CCUSBS,83011454769,CONCUR,
Withdrawals Debits Other,25-Mar,,"-10,416.44",CONCUR           DES:CASH       ID:C020M0U0X004 INDN:Life Technologies (For  CO ID:1911608052 CCD PMT INFO:CCUSBS,84012777954,CONCUR,
Withdrawals Debits Other,26-Mar,,"-5,009.41",CONCUR           DES:CASH       ID:C020MXATX000 INDN:Life Technologies (For  CO ID:1911608052 CCD PMT INFO:CCUSBS,85015088228,CONCUR,
Withdrawals Debits Other,27-Mar,,"-6,171.95",CONCUR           DES:CASH       ID:C020NUNBX008 INDN:Life Technologies (For  CO ID:1911608052 CCD PMT INFO:CCUSBS,86009580630,CONCUR,
Withdrawals Debits Other,2-Mar,,"-40,677.92",CONCUR           DES:CORP CARD  ID:C0207AV7X004 INDN:Life Technologies (For  CO ID:1911608052 CCD PMT INFO:CCUSBS,59013191801,CONCUR,
Withdrawals Debits Other,3-Mar,,"-48,632.45",CONCUR           DES:CORP CARD  ID:C02080WSX000 INDN:Life Technologies (For  CO ID:1911608052 CCD PMT INFO:CCUSBS,62023418967,CONCUR,
Withdrawals Debits Other,4-Mar,,"-32,498.05",CONCUR           DES:CORP CARD  ID:C0208YF7X001 INDN:Life Technologies (For  CO ID:1911608052 CCD PMT INFO:CCUSBS,63011158110,CONCUR,
Withdrawals Debits Other,5-Mar,,"-107,735.02",CONCUR           DES:CORP CARD  ID:C0209V1TX006 INDN:Life Technologies (For  CO ID:1911608052 CCD PMT INFO:CCUSBS,64018285690,CONCUR,
Withdrawals Debits Other,6-Mar,,"-88,286.24",CONCUR           DES:CORP CARD  ID:C020B1OHX005 INDN:Life Technologies (For  CO ID:1911608052 CCD PMT INFO:CCUSBS,65012597145,CONCUR,
Withdrawals Debits Other,9-Mar,,"-67,146.11",CONCUR           DES:CORP CARD  ID:C020BUP7X006 INDN:Life Technologies (For  CO ID:1911608052 CCD PMT INFO:CCUSBS,66015307576,CONCUR,
Withdrawals Debits Other,10-Mar,,"-58,646.55",CONCUR           DES:CORP CARD  ID:C020CNCQX004 INDN:Life Technologies (For  CO ID:1911608052 CCD PMT INFO:CCUSBS,69021324130,CONCUR,
Withdrawals Debits Other,11-Mar,,"-124,273.94",CONCUR           DES:CORP CARD  ID:C020DKS2X001 INDN:Life Technologies (For  CO ID:1911608052 CCD PMT INFO:CCUSBS,70014487363,CONCUR,
Withdrawals Debits Other,12-Mar,,"-79,311.89",CONCUR           DES:CORP CARD  ID:C020EP00X002 INDN:Life Technologies (For  CO ID:1911608052 CCD PMT INFO:CCUSBS,71009536801,CONCUR,
Withdrawals Debits Other,13-Mar,,"-44,074.41",CONCUR           DES:CORP CARD  ID:C020FRF1X000 INDN:Life Technologies (For  CO ID:1911608052 CCD PMT INFO:CCUSBS,72015188217,CONCUR,
Withdrawals Debits Other,16-Mar,,"-61,648.82",CONCUR           DES:CORP CARD  ID:C020GIMZX002 INDN:Life Technologies (For  CO ID:1911608052 CCD PMT INFO:CCUSBS,73007743858,CONCUR,
Withdrawals Debits Other,17-Mar,,"-53,526.47",CONCUR           DES:CORP CARD  ID:C020H9ONX001 INDN:Life Technologies (For  CO ID:1911608052 CCD PMT INFO:CCUSBS,76013802178,CONCUR,
Withdrawals Debits Other,18-Mar,,"-41,087.06",CONCUR           DES:CORP CARD  ID:C020I2QOX000 INDN:Life Technologies (For  CO ID:1911608052 CCD PMT INFO:CCUSBS,77009065697,CONCUR,
Withdrawals Debits Other,19-Mar,,"-55,555.91",CONCUR           DES:CORP CARD  ID:C020J0JDX002 INDN:Life Technologies (For  CO ID:1911608052 CCD PMT INFO:CCUSBS,78013251681,CONCUR,
Withdrawals Debits Other,20-Mar,,"-19,488.81",CONCUR           DES:CORP CARD  ID:C020JWE6X007 INDN:Life Technologies (For  CO ID:1911608052 CCD PMT INFO:CCUSBS,79016369170,CONCUR,
Withdrawals Debits Other,23-Mar,,"-12,341.82",CONCUR           DES:CORP CARD  ID:C020KLTKX005 INDN:Life Technologies (For  CO ID:1911608052 CCD PMT INFO:CCUSBS,80007315445,CONCUR,
Withdrawals Debits Other,24-Mar,,"-64,000.69",CONCUR           DES:CORP CARD  ID:C020LBYAX009 INDN:Life Technologies (For  CO ID:1911608052 CCD PMT INFO:CCUSBS,83011454666,CONCUR,
Withdrawals Debits Other,25-Mar,,"-52,170.30",CONCUR           DES:CORP CARD  ID:C020M0LJX005 INDN:Life Technologies (For  CO ID:1911608052 CCD PMT INFO:CCUSBS,84012778029,CONCUR,
Withdrawals Debits Other,26-Mar,,"-39,961.95",CONCUR           DES:CORP CARD  ID:C020MX02X004 INDN:Life Technologies (For  CO ID:1911608052 CCD PMT INFO:CCUSBS,85015088122,CONCUR,
Withdrawals Debits Other,27-Mar,,"-15,883.63",CONCUR           DES:CORP CARD  ID:C020NUE2X005 INDN:Life Technologies (For  CO ID:1911608052 CCD PMT INFO:CCUSBS,86009580575,CONCUR,
Withdrawals Debits Other,18-Mar,,"-106,309.68",CSI MODR TAX     DES:DORPAYMENT ID:T34933522 INDN:FISHER SCIENTIFIC COMP  CO ID:3335671233 CCD,77009067135,WIRE,
Withdrawals Debits Other,23-Mar,,"-20,128.00",CT DOR PAYMENT   DES:BUS DIRPAY ID: 92449480000082 INDN:FSH LLC                 CO ID:T041000082 CCD,80008532838,WIRE,
Withdrawals Debits Other,18-Mar,,"-1,760.74",DC-OTR-WEB-SLU   DES:PAYMENTS   ID:765468 INDN:FISHER SCIENTIFIC COMP  CO ID:753600113E CCD,77006692893,WIRE,
Withdrawals Debits Other,18-Mar,,"-10,490.00",DE Div of Rev    DES:DE TAX     ID:1232942737 INDN:Fisher Scientific Comp  CO ID:9516000279 PPD,77011920457,WIRE,
Withdrawals Debits Other,16-Mar,,"-10,822.00",DENVERGOV.ORG    DES:SALES TAX  ID:14970123521 INDN:FISHER SCIENTIFIC CO L  CO ID:2836715185 WEB,76007378963,WIRE,
Withdrawals Debits Other,2-Mar,,-10,DEPT DE HACIENDA DES:PR IVU SUT ID:1336470016 INDN:FISHER SCIENTIFIC CO L  CO ID:7660348572 CCD PMT INFO:TXP*550002148362854*SLT  *200229*T*00000 01000*628544*200229*0002*   \,62021202452,WIRE,-1
Withdrawals Debits Other,17-Mar,,"-5,129.00",DEPT DE HACIENDA DES:PR IVU SUT ID:294320640 INDN:FISHER SCIENTIFIC CO L  CO ID:7660348572 CCD PMT INFO:TXP*550002148362854*SLT  *200331*T*00005 12900*628544*200313*0003*   \,76017532539,WIRE,
Withdrawals Debits Other,17-Mar,,-10,DEPT DE HACIENDA DES:PR IVU SUT ID:359954944 INDN:FISHER SCIENTIFIC CO L  CO ID:7660348572 CCD PMT INFO:TXP*550002148362854*SLT  *200331*T*00000 01000*628544*200313*0003*   \,76017532541,WIRE,
Withdrawals Debits Other,6-Mar,,-398.5,DEPT DE HACIENDA DES:PR TAX     ID:1812126208 INDN:FISHER SCIENTIFIC CO L  CO ID:0660433481 CCD PMT INFO:TXP*350009148362854*SLT  *200331*T*00000 39850*628544*200305*0003*   \,66013125225,WIRE,
Withdrawals Debits Other,25-Mar,,-130,Dept of Financia DES:WI DFI ECk ID:WS2EFI004498440 INDN:AL-QAISICAROLE          CO ID:G396006488 CCD,85007817889,WIRE,
Withdrawals Debits Other,25-Mar,,-65,Dept of Financia DES:WI DFI ECk ID:WS2EFI004498615 INDN:AL-QAISICAROLE          CO ID:G396006488 WEB,85007818086,WIRE,
Withdrawals Debits Other,25-Mar,,-65,Dept of Financia DES:WI DFI ECk ID:WS2EFI004498832 INDN:AL-QAISICAROLE          CO ID:G396006488 WEB,85007818088,WIRE,
Withdrawals Debits Other,25-Mar,,-65,Dept of Financia DES:WI DFI ECk ID:WS2EFI004499005 INDN:AL-QAISICAROLE          CO ID:G396006488 CCD,85007817887,WIRE,
Withdrawals Debits Other,25-Mar,,-65,Dept of Financia DES:WI DFI ECk ID:WS2EFI004499415 INDN:AL-QAISICAROLE          CO ID:G396006488 CCD,85007817888,WIRE,
Withdrawals Debits Other,25-Mar,,-65,Dept of Financia DES:WI DFI ECk ID:WS2EFI004500059 INDN:AL-QAISICAROLE          CO ID:G396006488 CCD,85007817892,WIRE,
Withdrawals Debits Other,18-Mar,,"-74,315.02",Dept of Revenue  DES:KY TaxPmnt ID:502-875-3733 INDN:MELISSA  NADZAM         CO ID:1522077581 CCD,78006286139,WIRE,
Withdrawals Debits Other,19-Mar,,"-172,451.60",Dept. of Revenue DES:TaxPaymnt  ID:COLTAX008302359 INDN:EFT ID NMBR 3714292624  CO ID:T846000537 CCD PMT INFO:TXP*EFT*042*200229*T*0\,79009476485,WIRE,
Withdrawals Debits Other,23-Mar,,"-2,270.42",Dept. of Revenue DES:TaxPaymnt  ID:COLTAX008310239 INDN:EFT ID NMBR 3714292624  CO ID:T846000537 CCD PMT INFO:TXP*EFT*042*200131*T*0\,83003744079,WIRE,
Withdrawals Debits Other,26-Mar,,"-30,942.16",Duquesne Light   DES:PAYMENT    ID:7618030000 INDN:THERMO FISHER SCIENTIF  CO ID:4250451600 PPD,85017718332,WIRE,
Withdrawals Debits Other,26-Mar,,"-27,863.13",Duquesne Light   DES:PAYMENT    ID:8401440000 INDN:THERMO FISHER SCIENTIF  CO ID:4250451600 PPD,85017718336,WIRE,
Withdrawals Debits Other,17-Mar,,-545.57,ENGLEWOOD BUSINE DES:COEWEBPYMT ID:M41887978058 INDN:CHECKING                CO ID:1911718107 WEB,76013800273,WIRE,
Withdrawals Debits Other,12-Mar,,-168.89,FIRSTENERGY OPCO DES:ACH        ID:003425346582 INDN:FISHER SCIENTIFIC COMP  CO ID:1341968288 CCD,71012750265,WIRE,
Withdrawals Debits Other,12-Mar,,"-2,513.85",FIRSTENERGY OPCO DES:ACH        ID:003425346583 INDN:FISHER SCIENTIFIC COMP  CO ID:1341968288 PPD,71012750270,WIRE,
Withdrawals Debits Other,6-Mar,,"-3,104.66",FIRSTENERGY OPCO DES:ACH        ID:003485102624 INDN:FISHER SCIENTIFIC COMP  CO ID:1341968288 PPD,65015349578,WIRE,
Withdrawals Debits Other,2-Mar,,"-3,535,970.44",FISHER SCIENTIFI  DES:CORP PYMNT  FL# 20059000730 INDN:SETT-BATCH 3232942737  CO ID:3232942737 CCD,62007229954,ACH,
Withdrawals Debits Other,3-Mar,,"-6,722,882.41",FISHER SCIENTIFI  DES:CORP PYMNT  FL# 20062001125 INDN:SETT-BATCH 3232942737  CO ID:3232942737 CCD,63003593362,ACH,
Withdrawals Debits Other,3-Mar,,"-1,672.06",FISHER SCIENTIFI  DES:CORP PYMNT  FL# 20062001316 INDN:SETT-BATCH 3232942737  CO ID:3232942737 CCD,63003593433,ACH,
Withdrawals Debits Other,4-Mar,,"-3,669,257.75",FISHER SCIENTIFI  DES:CORP PYMNT  FL# 20063000786 INDN:SETT-BATCH 3232942737  CO ID:3232942737 CCD,64009273382,ACH,
Withdrawals Debits Other,4-Mar,,"-22,179,593.08",FISHER SCIENTIFI  DES:CORP PYMNT  FL# 20063000787 INDN:SETT-BATCH 3232942737  CO ID:3232942737 CCD,64009273468,ACH,
Withdrawals Debits Other,5-Mar,,"-4,053,702.24",FISHER SCIENTIFI  DES:CORP PYMNT  FL# 20064000788 INDN:SETT-BATCH 3232942737  CO ID:3232942737 CCD,65007168252,ACH,
Withdrawals Debits Other,6-Mar,,"-5,542,608.71",FISHER SCIENTIFI  DES:CORP PYMNT  FL# 20065000736 INDN:SETT-BATCH 3232942737  CO ID:3232942737 CCD,66009891194,ACH,
Withdrawals Debits Other,9-Mar,,"-15,506,038.58",FISHER SCIENTIFI  DES:CORP PYMNT  FL# 20066000734 INDN:SETT-BATCH 3232942737  CO ID:3232942737 CCD,69008904073,ACH,
Withdrawals Debits Other,9-Mar,,"-14,615,702.53",FISHER SCIENTIFI  DES:CORP PYMNT  FL# 20066000735 INDN:SETT-BATCH 3232942737  CO ID:3232942737 CCD,69008904117,ACH,
Withdrawals Debits Other,9-Mar,,-934.49,FISHER SCIENTIFI  DES:CORP PYMNT  FL# 20066001218 INDN:SETT-BATCH 3232942737  CO ID:3232942737 CCD,69008904647,ACH,
Withdrawals Debits Other,10-Mar,,"-3,088,557.30",FISHER SCIENTIFI  DES:CORP PYMNT  FL# 20069001162 INDN:SETT-BATCH 3232942737  CO ID:3232942737 CCD,70008767348,ACH,
Withdrawals Debits Other,11-Mar,,"-3,998,585.58",FISHER SCIENTIFI  DES:CORP PYMNT  FL# 20070000745 INDN:SETT-BATCH 3232942737  CO ID:3232942737 CCD,71001403904,ACH,
Withdrawals Debits Other,12-Mar,,"-2,855,027.15",FISHER SCIENTIFI  DES:CORP PYMNT  FL# 20071000766 INDN:SETT-BATCH 3232942737  CO ID:3232942737 CCD,72008553261,ACH,
Withdrawals Debits Other,12-Mar,,"-42,631,488.09",FISHER SCIENTIFI  DES:CORP PYMNT  FL# 20071000767 INDN:SETT-BATCH 3232942737  CO ID:3232942737 CCD,72008553285,ACH,
Withdrawals Debits Other,12-Mar,,"-20,803.00",FISHER SCIENTIFI  DES:CORP PYMNT  FL# 20071001438 INDN:SETT-BATCH 3232942737  CO ID:3232942737 CCD,72008554694,ACH,
Withdrawals Debits Other,12-Mar,,"-8,000,000.00",FISHER SCIENTIFI  DES:CORP PYMNT  FL# 20071003299 INDN:SETT-BATCH 3232942737  CO ID:3232942737 CCD,72008558961,ACH,
Withdrawals Debits Other,13-Mar,,"-3,760,203.35",FISHER SCIENTIFI  DES:CORP PYMNT  FL# 20072000752 INDN:SETT-BATCH 3232942737  CO ID:3232942737 CCD,73001915631,ACH,
Withdrawals Debits Other,13-Mar,,"-17,749,670.50",FISHER SCIENTIFI  DES:CORP PYMNT  FL# 20072000753 INDN:SETT-BATCH 3232942737  CO ID:3232942737 CCD,73001916109,ACH,
Withdrawals Debits Other,16-Mar,,"-10,770,240.35",FISHER SCIENTIFI  DES:CORP PYMNT  FL# 20073000703 INDN:SETT-BATCH 3232942737  CO ID:3232942737 CCD,76001569233,ACH,
Withdrawals Debits Other,16-Mar,,"-15,354,361.26",FISHER SCIENTIFI  DES:CORP PYMNT  FL# 20073001222 INDN:SETT-BATCH 3232942737  CO ID:3232942737 CCD,76001569775,ACH,
Withdrawals Debits Other,17-Mar,,"-3,633,320.47",FISHER SCIENTIFI  DES:CORP PYMNT  FL# 20076001222 INDN:SETT-BATCH 3232942737  CO ID:3232942737 CCD,77002665962,ACH,
Withdrawals Debits Other,18-Mar,,"-180,000.00",FISHER SCIENTIFI  DES:CORP PYMNT  FL# 20077000721 INDN:SETT-BATCH 3232942737  CO ID:3232942737 CCD,78005938767,ACH,
Withdrawals Debits Other,19-Mar,,"-650,848.90",FISHER SCIENTIFI  DES:CORP PYMNT  FL# 20078000761 INDN:SETT-BATCH 3232942737  CO ID:3232942737 CCD,79011015398,ACH,
Withdrawals Debits Other,19-Mar,,"-545,060.04",FISHER SCIENTIFI  DES:CORP PYMNT  FL# 20078001989 INDN:SETT-BATCH 3232942737  CO ID:3232942737 CCD,79011020486,ACH,
Withdrawals Debits Other,19-Mar,,"-417,725.85",FISHER SCIENTIFI  DES:CORP PYMNT  FL# 20078001990 INDN:SETT-BATCH 3232942737  CO ID:3232942737 CCD,79011021218,ACH,
Withdrawals Debits Other,19-Mar,,"-290,243.13",FISHER SCIENTIFI  DES:CORP PYMNT  FL# 20078002902 INDN:SETT-BATCH 3232942737  CO ID:3232942737 CCD,79011022406,ACH,
Withdrawals Debits Other,19-Mar,,"-537,108.26",FISHER SCIENTIFI  DES:CORP PYMNT  FL# 20078002903 INDN:SETT-BATCH 3232942737  CO ID:3232942737 CCD,79011022828,ACH,
Withdrawals Debits Other,19-Mar,,"-62,021.27",FISHER SCIENTIFI  DES:CORP PYMNT  FL# 20078003996 INDN:SETT-BATCH 3232942737  CO ID:3232942737 CCD,79011027009,ACH,
Withdrawals Debits Other,19-Mar,,"-633,723.70",FISHER SCIENTIFI  DES:CORP PYMNT  FL# 20078004515 INDN:SETT-BATCH 3232942737  CO ID:3232942737 CCD,79011049305,ACH,
Withdrawals Debits Other,19-Mar,,"-32,938.58",FISHER SCIENTIFI  DES:CORP PYMNT  FL# 20078004516 INDN:SETT-BATCH 3232942737  CO ID:3232942737 CCD,79011049311,ACH,
Withdrawals Debits Other,19-Mar,,"-550,215.80",FISHER SCIENTIFI  DES:CORP PYMNT  FL# 20078004851 INDN:SETT-BATCH 3232942737  CO ID:3232942737 CCD,79011049500,ACH,
Withdrawals Debits Other,19-Mar,,"-948,404.30",FISHER SCIENTIFI  DES:CORP PYMNT  FL# 20078004852 INDN:SETT-BATCH 3232942737  CO ID:3232942737 CCD,79011049514,ACH,
Withdrawals Debits Other,20-Mar,,"-53,196.39",FISHER SCIENTIFI  DES:CORP PYMNT  FL# 20079000736 INDN:SETT-BATCH 3232942737  CO ID:3232942737 CCD,80002537165,ACH,
Withdrawals Debits Other,20-Mar,,"-329,657.89",FISHER SCIENTIFI  DES:CORP PYMNT  FL# 20079000737 INDN:SETT-BATCH 3232942737  CO ID:3232942737 CCD,80002537817,ACH,
Withdrawals Debits Other,20-Mar,,"-3,910,805.93",FISHER SCIENTIFI  DES:CORP PYMNT  FL# 20079001690 INDN:SETT-BATCH 3232942737  CO ID:3232942737 CCD,80002539681,ACH,
Withdrawals Debits Other,20-Mar,,"-1,226,058.58",FISHER SCIENTIFI  DES:CORP PYMNT  FL# 20079001691 INDN:SETT-BATCH 3232942737  CO ID:3232942737 CCD,80002539872,ACH,
Withdrawals Debits Other,20-Mar,,"-2,982,918.22",FISHER SCIENTIFI  DES:CORP PYMNT  FL# 20079002533 INDN:SETT-BATCH 3232942737  CO ID:3232942737 CCD,80002542223,ACH,
Withdrawals Debits Other,20-Mar,,"-4,357,124.78",FISHER SCIENTIFI  DES:CORP PYMNT  FL# 20079003435 INDN:SETT-BATCH 3232942737  CO ID:3232942737 CCD,80002542614,ACH,
Withdrawals Debits Other,20-Mar,,"-190,319.47",FISHER SCIENTIFI  DES:CORP PYMNT  FL# 20079003436 INDN:SETT-BATCH 3232942737  CO ID:3232942737 CCD,80002545781,ACH,
Withdrawals Debits Other,23-Mar,,"-1,333,817.48",FISHER SCIENTIFI  DES:CORP PYMNT  FL# 20080000721 INDN:SETT-BATCH 3232942737  CO ID:3232942737 CCD,83000276153,ACH,
Withdrawals Debits Other,23-Mar,,"-1,026,337.17",FISHER SCIENTIFI  DES:CORP PYMNT  FL# 20080000722 INDN:SETT-BATCH 3232942737  CO ID:3232942737 CCD,83000276187,ACH,
Withdrawals Debits Other,23-Mar,,"-396,524.43",FISHER SCIENTIFI  DES:CORP PYMNT  FL# 20080001167 INDN:SETT-BATCH 3232942737  CO ID:3232942737 CCD,83000276702,ACH,
Withdrawals Debits Other,23-Mar,,"-197,534.62",FISHER SCIENTIFI  DES:CORP PYMNT  FL# 20080001727 INDN:SETT-BATCH 3232942737  CO ID:3232942737 CCD,83000277430,ACH,
Withdrawals Debits Other,23-Mar,,"-85,213.24",FISHER SCIENTIFI  DES:CORP PYMNT  FL# 20080002447 INDN:SETT-BATCH 3232942737  CO ID:3232942737 CCD,83000278846,ACH,
Withdrawals Debits Other,23-Mar,,"-1,562,088.69",FISHER SCIENTIFI  DES:CORP PYMNT  FL# 20080003179 INDN:SETT-BATCH 3232942737  CO ID:3232942737 CCD,83000279130,ACH,
Withdrawals Debits Other,24-Mar,,-400,FISHER SCIENTIFI  DES:CORP PYMNT  FL# 20083001169 INDN:SETT-BATCH 3232942737  CO ID:3232942737 CCD,84007254604,ACH,
Withdrawals Debits Other,24-Mar,,"-92,143.51",FISHER SCIENTIFI  DES:CORP PYMNT  FL# 20083001568 INDN:SETT-BATCH 3232942737  CO ID:3232942737 CCD,84007254921,ACH,
Withdrawals Debits Other,24-Mar,,"-4,244,734.64",FISHER SCIENTIFI  DES:CORP PYMNT  FL# 20083002689 INDN:SETT-BATCH 3232942737  CO ID:3232942737 CCD,84007256788,ACH,
Withdrawals Debits Other,24-Mar,,"-21,224.26",FISHER SCIENTIFI  DES:CORP PYMNT  FL# 20083003452 INDN:SETT-BATCH 3232942737  CO ID:3232942737 CCD,84007257020,ACH,
Withdrawals Debits Other,25-Mar,,"-19,200.01",FISHER SCIENTIFI  DES:CORP PYMNT  FL# 20084001218 INDN:SETT-BATCH 3232942737  CO ID:3232942737 CCD,85008864020,ACH,
Withdrawals Debits Other,25-Mar,,"-15,680.00",FISHER SCIENTIFI  DES:CORP PYMNT  FL# 20084001219 INDN:SETT-BATCH 3232942737  CO ID:3232942737 CCD,85008864096,ACH,
Withdrawals Debits Other,25-Mar,,"-460,216.52",FISHER SCIENTIFI  DES:CORP PYMNT  FL# 20084001766 INDN:SETT-BATCH 3232942737  CO ID:3232942737 CCD,85008865695,ACH,
Withdrawals Debits Other,25-Mar,,"-29,182,069.70",FISHER SCIENTIFI  DES:CORP PYMNT  FL# 20084002477 INDN:SETT-BATCH 3232942737  CO ID:3232942737 CCD,85008866305,ACH,
Withdrawals Debits Other,26-Mar,,"-361,871.81",FISHER SCIENTIFI  DES:CORP PYMNT  FL# 20085000791 INDN:SETT-BATCH 3232942737  CO ID:3232942737 CCD,86002445737,ACH,
Withdrawals Debits Other,26-Mar,,"-289,279.79",FISHER SCIENTIFI  DES:CORP PYMNT  FL# 20085001340 INDN:SETT-BATCH 3232942737  CO ID:3232942737 CCD,86002448031,ACH,
Withdrawals Debits Other,26-Mar,,"-1,619,621.48",FISHER SCIENTIFI  DES:CORP PYMNT  FL# 20085001991 INDN:SETT-BATCH 3232942737  CO ID:3232942737 CCD,86002449002,ACH,
Withdrawals Debits Other,26-Mar,,"-2,432,114.85",FISHER SCIENTIFI  DES:CORP PYMNT  FL# 20085001992 INDN:SETT-BATCH 3232942737  CO ID:3232942737 CCD,86002449034,ACH,
Withdrawals Debits Other,26-Mar,,"-13,719,102.18",FISHER SCIENTIFI  DES:CORP PYMNT  FL# 20085003064 INDN:SETT-BATCH 3232942737  CO ID:3232942737 CCD,86002449164,ACH,
Withdrawals Debits Other,26-Mar,,"-906,982.81",FISHER SCIENTIFI  DES:CORP PYMNT  FL# 20085004042 INDN:SETT-BATCH 3232942737  CO ID:3232942737 CCD,86002449685,ACH,
Withdrawals Debits Other,26-Mar,,"-1,591,368.75",FISHER SCIENTIFI  DES:CORP PYMNT  FL# 20085004043 INDN:SETT-BATCH 3232942737  CO ID:3232942737 CCD,86002453365,ACH,
Withdrawals Debits Other,27-Mar,,"-123,271.53",FISHER SCIENTIFI  DES:CORP PYMNT  FL# 20086000741 INDN:SETT-BATCH 3232942737  CO ID:3232942737 CCD,87005354596,ACH,
Withdrawals Debits Other,27-Mar,,"-228,324.22",FISHER SCIENTIFI  DES:CORP PYMNT  FL# 20086000742 INDN:SETT-BATCH 3232942737  CO ID:3232942737 CCD,87005354746,ACH,
Withdrawals Debits Other,27-Mar,,"-1,346,837.62",FISHER SCIENTIFI  DES:CORP PYMNT  FL# 20086001223 INDN:SETT-BATCH 3232942737  CO ID:3232942737 CCD,87005356030,ACH,
Withdrawals Debits Other,27-Mar,,"-2,353,870.21",FISHER SCIENTIFI  DES:CORP PYMNT  FL# 20086002727 INDN:SETT-BATCH 3232942737  CO ID:3232942737 CCD,87005359410,ACH,
Withdrawals Debits Other,27-Mar,,"-717,004.79",FISHER SCIENTIFI  DES:CORP PYMNT  FL# 20086003688 INDN:SETT-BATCH 3232942737  CO ID:3232942737 CCD,87005360294,ACH,
Deposits Credits,3-Mar,,711.6,FISHER SCIENTIFI DES:RETURN     ID:88883981 INDN:SETT-ACH DETAIL RETURN CO ID:3232942737 CCD,63009366949,ACH,
Deposits Credits,6-Mar,,"7,670.59",FISHER SCIENTIFI DES:RETURN     ID:88884456 INDN:SETT-ACH DETAIL RETURN CO ID:3232942737 CCD,66012164299,ACH,
Deposits Credits,6-Mar,,"1,798.10",FISHER SCIENTIFI DES:RETURN     ID:88885216 INDN:SETT-ACH DETAIL RETURN CO ID:3232942737 CCD,66012164298,ACH,
Deposits Credits,4-Mar,,"2,522.92",FISHER SCIENTIFI DES:RETURN     ID:88885323 INDN:SETT-ACH DETAIL RETURN CO ID:3232942737 CCD,64016411871,ACH,
Deposits Credits,6-Mar,,"4,127.55",FISHER SCIENTIFI DES:RETURN     ID:88885610 INDN:SETT-ACH DETAIL RETURN CO ID:3232942737 CCD,66011330460,ACH,
Deposits Credits,11-Mar,,"1,152.44",FISHER SCIENTIFI DES:RETURN     ID:88886678 INDN:SETT-ACH DETAIL RETURN CO ID:3232942737 CCD,71003670728,ACH,
Deposits Credits,11-Mar,,"2,361.76",FISHER SCIENTIFI DES:RETURN     ID:88886706 INDN:SETT-ACH DETAIL RETURN CO ID:3232942737 CCD,71002704619,ACH,
Deposits Credits,9-Mar,,66.23,FISHER SCIENTIFI DES:RETURN     ID:88886774 INDN:SETT-ACH DETAIL RETURN CO ID:3232942737 CCD,69020847776,ACH,
Deposits Credits,12-Mar,,"5,541.72",FISHER SCIENTIFI DES:RETURN     ID:88887464 INDN:SETT-ACH DETAIL RETURN CO ID:3232942737 CCD,72013467036,ACH,
Deposits Credits,17-Mar,,794.34,FISHER SCIENTIFI DES:RETURN     ID:88887714 INDN:SETT-ACH DETAIL RETURN CO ID:3232942737 CCD,77005633398,ACH,
Deposits Credits,17-Mar,,"11,737.16",FISHER SCIENTIFI DES:RETURN     ID:88887742 INDN:SETT-ACH DETAIL RETURN CO ID:3232942737 CCD,77005633402,ACH,
Deposits Credits,18-Mar,,374,FISHER SCIENTIFI DES:RETURN     ID:88888643 INDN:SETT-ACH DETAIL RETURN CO ID:3232942737 CCD,78008135013,ACH,
Deposits Credits,19-Mar,,146.25,FISHER SCIENTIFI DES:RETURN     ID:88889519 INDN:SETT-ACH DETAIL RETURN CO ID:3232942737 CCD,79013286034,ACH,
Deposits Credits,17-Mar,,"1,949.67",FISHER SCIENTIFI DES:RETURN     ID:88889905 INDN:SETT-ACH DETAIL RETURN CO ID:3232942737 CCD,77008303261,ACH,
Deposits Credits,25-Mar,,"11,003.94",FISHER SCIENTIFI DES:RETURN     ID:88890015 INDN:SETT-ACH DETAIL RETURN CO ID:3232942737 CCD,85015973246,ACH,
Deposits Credits,27-Mar,,"8,291.00",FISHER SCIENTIFI DES:RETURN     ID:88890076 INDN:SETT-ACH DETAIL RETURN CO ID:3232942737 CCD,87007123963,ACH,
Deposits Credits,27-Mar,,"1,204.00",FISHER SCIENTIFI DES:RETURN     ID:88890336 INDN:SETT-ACH DETAIL RETURN CO ID:3232942737 CCD,87006512826,ACH,
Deposits Credits,26-Mar,,689.4,FISHER SCIENTIFI DES:RETURN     ID:88890750 INDN:SETT-ACH DETAIL RETURN CO ID:3232942737 CCD,86002594826,ACH,
Deposits Credits,27-Mar,,598.86,FISHER SCIENTIFI DES:RETURN     ID:88891243 INDN:SETT-ACH DETAIL RETURN CO ID:3232942737 CCD,87006512825,ACH,
Deposits Credits,26-Mar,,"41,619.64",FISHER SCIENTIFI DES:RETURN     ID:88891267 INDN:SETT-ACH DETAIL RETURN CO ID:3232942737 CCD,86002594827,ACH,
Deposits Credits,26-Mar,,"20,299.75",FISHER SCIENTIFI DES:RETURN     ID:88891269 INDN:SETT-ACH DETAIL RETURN CO ID:3232942737 CCD,86002594828,ACH,
Deposits Credits,27-Mar,,"5,535.73",FISHER SCIENTIFI DES:RETURN     ID:88891751 INDN:SETT-ACH DETAIL RETURN CO ID:3232942737 CCD,87007124004,ACH,
Withdrawals Debits Other,17-Mar,,"-191,536.63",FLA DEPT REVENUE DES:C01        ID:102131416 INDN:FISHER SCIENTIF         CO ID:7596001874 CCD,77002694463,WIRE,
Withdrawals Debits Other,18-Mar,,"-151,795.07",GEORGIA ITS TAX  DES:GA TX PYMT ID:1801096016 INDN:FISHER SCIENTIFIC CO    CO ID:2586002015 CCD,77012115738,WIRE,
Deposits Credits,27-Mar,,"1,100.49",HALDRUP USA CORP DES:HUSA refun ID:30095 INDN:fisher                  CO ID:472056150  CCD PMT INFO:95295377,86009575658,WIRE,
Withdrawals Debits Other,18-Mar,,"-33,890.69",HAWAII DEPT TAX  DES:DOTAX PMT  ID:1170690560 INDN:FISHER SCIENTIFIC CO L  CO ID:6990303111 CCD PMT INFO:300 INDUSTRY DR***PITTSBURGH*PA*15275100 1*USA\,77012227327,WIRE,
Withdrawals Debits Other,17-Mar,,"-60,893.00",IA DEPT OF REV   DES:IA REV PAY ID:0076000458-GOVC INDN:FISHER SCIENTIFIC CO L  CO ID:1421590141 CCD PMT INFO:TXP*0000100005667*300*20200229*D*0006089 300*0076000458*20200316*091814*20200316\,77000752185,WIRE,
Withdrawals Debits Other,2-Mar,,"-83,270.00",IL DEPT OF REVEN DES:EDI PYMNTS ID:00000043124576 INDN:FISHER SCIENTIFIC CO L  CO ID:5555566257 CCD PMT INFO:TXP*29034310*0412*20200229*T*8327000\,59016014511,WIRE,
Withdrawals Debits Other,9-Mar,,"-62,011.00",IL DEPT OF REVEN DES:EDI PYMNTS ID:00000749784928 INDN:FISHER SCIENTIFIC CO L  CO ID:5555566257 CCD PMT INFO:TXP*29034310*0412*20200331*T*6201100\,66018066876,WIRE,
Withdrawals Debits Other,16-Mar,,"-62,011.00",IL DEPT OF REVEN DES:EDI PYMNTS ID:00001031628640 INDN:FISHER SCIENTIFIC CO L  CO ID:5555566257 CCD PMT INFO:TXP*29034310*0412*20200331*T*6201100\,73010494204,WIRE,
Withdrawals Debits Other,23-Mar,,"-62,011.00",IL DEPT OF REVEN DES:EDI PYMNTS ID:00001208889184 INDN:FISHER SCIENTIFIC CO L  CO ID:5555566257 CCD PMT INFO:TXP*29034310*0412*20200331*T*6201100\,83003854506,WIRE,
Withdrawals Debits Other,17-Mar,,"-79,368.00",IL DEPT OF REVEN DES:EDI PYMNTS ID:00001967828832 INDN:FISHER SCIENTIFIC CO L  CO ID:5555566257 CCD PMT INFO:TXP*29034310*0411*20200229*T*7936800\,76016853632,WIRE,
Withdrawals Debits Other,17-Mar,,"-94,869.08",IN SALES/USE TAX DES:INTAX      ID:20Z00280202751 INDN:FISHER SCIENTIFIC COMP  CO ID:9180019TAX CCD PMT INFO:001902200229200316201031,76016531622,WIRE,
Withdrawals Debits Other,17-Mar,,"-6,552.82",Jefferson Parish DES:Sales Tax  ID:50084431 INDN:Fisher Scientific Comp  CO ID:4726000595 PPD,76013751427,WIRE,
Deposits Credits,18-Mar,,"12,180.25",KEYENCE CORP. OF DES:TRADE PAY  ID: INDN:FISHER SCIENTICF        CO ID:9330087345 CTX ADDITIONAL INFORMATION IS AVAILABLE FOR THIS PMT. CONTACT A TREASURY SALES OFFICER FOR ASSISTANCE.,77011836564,WIRE,
Withdrawals Debits Other,23-Mar,,"-87,132.81",KSDEPTOFREVENUE  DES:TAXDRAFTS  ID:005232942737F01 INDN:FISHER SCIENTIFI        CO ID:9111111111 CTX PMT INFO:TXP*005232942737F01*04401*200229*T*00051 89981*E*0003523300* *0000000000*AR2URE\,80009778020,WIRE,
Deposits Credits,4-Mar,,512.7,KURARAY AMERICA  DES:K601_ACH   ID: INDN:FISHER SCIENTIFI        CO ID:2134119995 CTX ADDITIONAL INFORMATION IS AVAILABLE FOR THIS PMT. CONTACT A TREASURY SALES OFFICER FOR ASSISTANCE.,62030418622,WIRE,
Deposits Credits,6-Mar,,50.24,KURARAY AMERICA  DES:K601_ACH   ID: INDN:FISHER SCIENTIFI        CO ID:2134119995 CTX ADDITIONAL INFORMATION IS AVAILABLE FOR THIS PMT. CONTACT A TREASURY SALES OFFICER FOR ASSISTANCE.,64022721689,WIRE,
Deposits Credits,12-Mar,,"1,478.06",KURARAY AMERICA  DES:K601_ACH   ID: INDN:FISHER SCIENTIFI        CO ID:2134119995 CTX ADDITIONAL INFORMATION IS AVAILABLE FOR THIS PMT. CONTACT A TREASURY SALES OFFICER FOR ASSISTANCE.,70018833977,WIRE,
Withdrawals Debits Other,17-Mar,,-270,LAKEWOOD         DES:TAX        ID:483565568 INDN:HEALTH & SCIENTIFIC PR  CO ID:0840593908 WEB,77003195695,WIRE,
Withdrawals Debits Other,13-Mar,,"-2,247.54",LOCTAXPYMT CO.GO DES:LOCTAXPYMT ID:303-534-3468 INDN:CAROLE K AL-QAISI       CO ID:1522077581 CCD,73002278854,WIRE,
Withdrawals Debits Other,16-Mar,,"-4,481.44",LP SALES TAX     DES:SALES TAX  ID:23965 INDN:Fisher Scientific Comp  CO ID:2726000625 PPD,73010686198,WIRE,
Withdrawals Debits Other,13-Mar,,"-5,903.94",ME BUREAU OF TAX DES:INTRNET DR ID:0342000145325 INDN:FISHER SCIENTIFIC COMP  CO ID:1016000001 CCD,72017685078,WIRE,
Withdrawals Debits Other,16-Mar,,"-49,888.48",MI Business Tax  DES:Payment    ID:SMIBUS003602249 INDN:Al-QaisiCarole          CO ID:9037133001 CCD,76007585294,WIRE,
Withdrawals Debits Other,5-Mar,,"-2,800.00",Miscellaneous Debit Adjustment 1-38194362615 : CASHIER CHECK,2460000431,WIRE,
Withdrawals Debits Other,4-Mar,,"-4,200.00",Miscellaneous Debit Adjustment 1-38196100490 : Cashier`s Check request,2460000387,WIRE,
Withdrawals Debits Other,6-Mar,,"-2,295.00",Miscellaneous Debit Adjustment 1-38211309491 : cashier's check,2460000391,WIRE,
Withdrawals Debits Other,17-Mar,,"-83,511.00",MN DEPT OF REVEN DES:MN Rev pay ID:000000087010971 INDN:FISHER SCIENTIFIC CO L  CO ID:X416007162 CCD,77000981129,WIRE,
Withdrawals Debits Other,17-Mar,,"-22,157.85",MSDEPTOFREVENUE  DES:TAXPAYMENT ID:M1247152896 INDN:FISHER SCIENTIFIC CO L  CO ID:1646000832 CCD,76017112548,WIRE,
Withdrawals Debits Other,18-Mar,,"-210,325.00",NC DEPT REVENUE  DES:TAX PYMT   ID:043000096022676 INDN:1400310000032992364526  CO ID:9044030460 CCD,78005147141,WIRE,
Withdrawals Debits Other,18-Mar,,"-227,737.25",NC DEPT REVENUE  DES:TAX PYMT   ID:043000096125850 INDN:1400310000032992364520  CO ID:9044030460 CCD,78005147654,WIRE,
Withdrawals Debits Other,24-Mar,,"-4,703.35",NDTAX            DES:TAX PYMT   ID:15539500 INDN:FISHER SCIENTIFIC COMP  CO ID:1450309764 CCD,83009427300,WIRE,
Withdrawals Debits Other,18-Mar,,"-41,837.76",NEB DEPT REVENUE DES:NBF BUS TX ID:01B005788193 INDN:FISHER SCIENTIFIC CO L  CO ID:9NEBTAXPAY CCD PMT INFO:TXP*01007964145*04100*200229*T*000418377 6*EFWSCT*      *      *      *         \,77009013991,WIRE,
Withdrawals Debits Other,17-Mar,,"-44,497.26",NEVADA TAX       DES:7756842099 ID:2KVPEVQ02H1IRST INDN:MELISSA NADZAM          CO ID:8860000130 CCD,77001236926,WIRE,
Withdrawals Debits Other,17-Mar,,"-189,877.47",NJ WEB PMT 04110 DES:NJWEB04110 ID:091000011483817 INDN:FISHER SCIENTIFIC COMP  CO ID:7216000928 CCD PMT INFO:TXP*B232942737000*04110*200229*T*1898774 7*****FISH\,76017365084,WIRE,
Withdrawals Debits Other,16-Mar,,"-21,319.03",NJ WEB PMT 09001 DES:NJWEB09001 ID:091000011468894 INDN:FISHER SCIENTIFIC COMP  CO ID:7216000928 CCD PMT INFO:TXP*B232942737000*09001*200228*T*2131903 *****FISH\,73010715417,WIRE,
Withdrawals Debits Other,18-Mar,,"-163,706.49",NYS DTF PROMP ST DES:Tax Paymnt ID:000000054275563 INDN:FISHER SCIENTIFIC CO L  CO ID:8146013200 CCD,78004776215,WIRE,
Withdrawals Debits Other,2-Mar,,-916.34,PNP BILLPAYMENT  DES:022720EK   ID:71864901-8543 INDN:MELISSA NADZAM          CO ID:3333308324 PPD,62011931204,WIRE,
Deposits Credits,4-Mar,407056567,"118,667.73",Return Check                  ARP RETURNED CHECK REFER TO MAKER CHECK # 0407056567 PAID DATE 03/02/20,90002463,CHECK,
Deposits Credits,11-Mar,407059247,606,Return Check                  ARP RETURNED CHECK REFER TO MAKER CHECK # 0407059247 PAID DATE 03/09/20,90002232,CHECK,
Deposits Credits,26-Mar,407061065,"1,002.67",Return Check                  ARP RETURNED CHECK REFER TO MAKER CHECK # 0407061065 PAID DATE 03/24/20,90002061,CHECK,
Deposits Credits,25-Mar,407071858,292.58,Return Check                  ARP RETURNED CHECK REFER TO MAKER CHECK # 0407071858 PAID DATE 03/23/20,90002156,CHECK,
Deposits Credits,25-Mar,407072000,184.53,Return Check                  ARP RETURNED CHECK REFER TO MAKER CHECK # 0407072000 PAID DATE 03/23/20,90002157,CHECK,
Deposits Credits,20-Mar,407072115,161.5,Return Check                  ARP RETURNED CHECK REFER TO MAKER CHECK # 0407072115 PAID DATE 03/18/20,90001699,CHECK,
Withdrawals Debits Other,17-Mar,,"-1,525.91",RPPJ SALES TAX   DES:SALES TAX  ID:00014094 INDN:FISHER SCIENTIFIC COMP  CO ID:4726001132 PPD,76013767277,WIRE,
Withdrawals Debits Other,18-Mar,,"-129,606.32",S C TAX          DES:Taxpayment ID:000001099225314 INDN:0000000000000000000000  CO ID:3576000286 CCD,77011948832,WIRE,
Withdrawals Debits Other,18-Mar,,"-10,335.86",SD DEPT REVENUE  DES:STAX PYMNT ID:10118228 INDN:FISHER SCIENTIFIC COMP  CO ID:9466000364 CCD PMT INFO:TXP*10118228       *SD100*202003*T*00010 33586\,77008927417,WIRE,
Withdrawals Debits Other,12-Mar,,"-13,588.56",Speedpay         DES:DIRECT ENE ID:1520610 INDN:NOT PROVIDED NOT PROVI  CO ID:9057537002 PPD,71012866695,WIRE,
Withdrawals Debits Other,18-Mar,,"-12,377.02",Speedpay         DES:DIRECT ENE ID:1520610 INDN:NOT PROVIDED NOT PROVI  CO ID:9057537002 PPD,77011998988,WIRE,
Withdrawals Debits Other,17-Mar,,"-1,339.18",ST JOHN SALES TX DES:SALES TAX  ID:00004439 INDN:FISHER SCIENTIFIC COMP  CO ID:2726001236 PPD,76016602467,WIRE,
Withdrawals Debits Other,6-Mar,,"-504,714.00",STATE COMPTRLR   DES:TEXNET     ID:36394659/00305 INDN:67286/49807/Fisher Sci  CO ID:1846000199 CCD,66008474086,WIRE,
Withdrawals Debits Other,17-Mar,,"-32,847.07",STATE COMPTRLR   DES:TEXNET     ID:36488842/00316 INDN:67286/49807/Fisher Sci  CO ID:1846000199 CCD,77001111052,WIRE,
Withdrawals Debits Other,17-Mar,,"-11,308.63",STATE OF IDAHO   DES:DEBIT TAX  ID:1631361536 INDN:FISHER SCIENTIFIC COMP  CO ID:6826001011 CCD PMT INFO:TXP*000681601      *02508*2002*T*1130863 \,77000738277,WIRE,
Withdrawals Debits Other,17-Mar,,"-67,676.00",STATE OF LOUISIA DES:EPOSPYMNTS ID:0296178001 INDN:FISHER SCIENTIFIC CO L  CO ID:1726000805 CCD PMT INFO:TXP*0296178001*04101*200229*T*6767600*Z* 200316*TAP1115005504-200316\,77001150501,WIRE,
Withdrawals Debits Other,17-Mar,,"-39,976.82",STATE OF RI      DES:TAX PMT    ID:000023294273700 INDN:Fisher Scientific Comp  CO ID:5056000522 CCD,76017399007,WIRE,
Withdrawals Debits Other,16-Mar,,"-12,200.00",STTAMM SALESTAX  DES:SALES TAX  ID:89001175 INDN:FISHER SCIENTIFIC COMP  CO ID:2726001309 CCD,73007625537,WIRE,
Withdrawals Debits Other,27-Mar,,"-116,537.66",Summarized Debits       30,,CHECK,
Withdrawals Debits Other,26-Mar,,"-2,089,761.00",Summarized Debits       45,,CHECK,
Withdrawals Debits Other,6-Mar,,"-513,051.22",Summarized Debits       69,,CHECK,
Withdrawals Debits Other,5-Mar,,"-2,150,706.84",Summarized Debits       73,,CHECK,
Withdrawals Debits Other,16-Mar,,"-359,168.66",Summarized Debits       77,,CHECK,
Withdrawals Debits Other,13-Mar,,"-1,557,074.66",Summarized Debits       80,,CHECK,
Withdrawals Debits Other,20-Mar,,"-1,005,197.90",Summarized Debits       83,,CHECK,
Withdrawals Debits Other,25-Mar,,"-554,467.23",Summarized Debits       91,,CHECK,
Withdrawals Debits Other,19-Mar,,"-721,033.75",Summarized Debits       99,,CHECK,
Withdrawals Debits Other,3-Mar,,"-781,924.22",Summarized Debits      100,,CHECK,
Withdrawals Debits Other,12-Mar,,"-648,626.11",Summarized Debits      103,,CHECK,
Withdrawals Debits Other,24-Mar,,"-352,578.83",Summarized Debits      115,,CHECK,
Withdrawals Debits Other,9-Mar,,"-1,270,301.20",Summarized Debits      118,,CHECK,
Withdrawals Debits Other,4-Mar,,"-1,430,513.13",Summarized Debits      125,,CHECK,
Withdrawals Debits Other,23-Mar,,"-1,211,919.45",Summarized Debits      144,,CHECK,
Withdrawals Debits Other,2-Mar,,"-1,575,853.97",Summarized Debits      156,,CHECK,
Withdrawals Debits Other,11-Mar,,"-1,035,480.41",Summarized Debits      173,,CHECK,
Withdrawals Debits Other,18-Mar,,"-986,295.46",Summarized Debits      182,,CHECK,
Withdrawals Debits Other,17-Mar,,"-1,241,661.78",Summarized Debits      183,,CHECK,
Withdrawals Debits Other,10-Mar,,"-751,636.28",Summarized Debits      185,,CHECK,
Withdrawals Debits Other,20-Mar,,"-30,304.94",TAX PAYMENTS     DES:OK TAX PMT ID:20046016 INDN:FISHER SCIENTIFIC COMP  CO ID:9STOFOKTXP CCD PMT INFO:TXP*GK*SVU*A*SVU1002484503*20200229*RTNP YM*20200318*3030494\,79018474274,WIRE,
Withdrawals Debits Other,10-Mar,,"-37,166.00",TAX PAYMENTS     DES:OK TAX PMT ID:73080640 INDN:FISHER SCIENTIFIC COMP  CO ID:9STOFOKTXP CCD PMT INFO:TXP*GK*SVU*F*232942737*20200331*RTNPYM*2 0200306*3716600\,69023871783,WIRE,
Withdrawals Debits Other,18-Mar,,"-24,055.35","TAX_REV_CRS_ECKS DES:TRD PMNT   ID:332745984 INDN:FISHER SCIENTIFIC CO.,  CO ID:1856000512 CCD",78004816308,WIRE,
Deposits Credits,2-Mar,,"7,032,717.17",Tfr Transfer Credit           CUR FR 3756570030,722000320,FUNDING,
Deposits Credits,3-Mar,,"7,563,092.89",Tfr Transfer Credit           CUR FR 3756570030,722000321,FUNDING,
Deposits Credits,4-Mar,,"27,198,467.94",Tfr Transfer Credit           CUR FR 3756570030,722000312,FUNDING,
Deposits Credits,5-Mar,,"7,606,806.17",Tfr Transfer Credit           CUR FR 3756570030,722000303,FUNDING,
Deposits Credits,6-Mar,,"6,649,450.01",Tfr Transfer Credit           CUR FR 3756570030,722000308,FUNDING,
Deposits Credits,9-Mar,,"34,281,407.34",Tfr Transfer Credit           CUR FR 3756570030,722000311,FUNDING,
Deposits Credits,10-Mar,,"3,941,063.66",Tfr Transfer Credit           CUR FR 3756570030,722000314,FUNDING,
Deposits Credits,11-Mar,,"5,166,245.51",Tfr Transfer Credit           CUR FR 3756570030,722000317,FUNDING,
Deposits Credits,12-Mar,,"55,510,709.76",Tfr Transfer Credit           CUR FR 3756570030,722000307,FUNDING,
Deposits Credits,13-Mar,,"23,139,292.19",Tfr Transfer Credit           CUR FR 3756570030,722000317,FUNDING,
Deposits Credits,16-Mar,,"28,889,835.34",Tfr Transfer Credit           CUR FR 3756570030,722000326,FUNDING,
Deposits Credits,17-Mar,,"10,525,074.77",Tfr Transfer Credit           CUR FR 3756570030,722000323,FUNDING,
Deposits Credits,18-Mar,,"3,462,256.80",Tfr Transfer Credit           CUR FR 3756570030,722000324,FUNDING,
Deposits Credits,19-Mar,,"5,917,458.29",Tfr Transfer Credit           CUR FR 3756570030,722000309,FUNDING,
Deposits Credits,20-Mar,,"14,334,083.16",Tfr Transfer Credit           CUR FR 3756570030,722000312,FUNDING,
Deposits Credits,23-Mar,,"8,926,169.16",Tfr Transfer Credit           CUR FR 3756570030,722000302,FUNDING,
Deposits Credits,24-Mar,,"5,462,532.31",Tfr Transfer Credit           CUR FR 3756570030,722000311,FUNDING,
Deposits Credits,25-Mar,,"31,919,534.73",Tfr Transfer Credit           CUR FR 3756570030,722000298,FUNDING,
Deposits Credits,26-Mar,,"23,222,177.70",Tfr Transfer Credit           CUR FR 3756570030,722000301,FUNDING,
Deposits Credits,27-Mar,,"5,659,006.82",Tfr Transfer Credit           CUR FR 3756570030,722000311,FUNDING,
Withdrawals Debits Other,18-Mar,,"-158,789.00",TN STATE REVENUE DES:TN TAP     ID:101223936 INDN:FISHER SCIENTIFIC COMP  CO ID:W626001445 CCD,77009066991,WIRE,
Deposits Credits,10-Mar,,"2,696.87",TX BANKING CENTER DEPOSIT,8.07052E+13,WIRE,
Withdrawals Debits Other,23-Mar,,"-52,789.23",UTAH801/297-7703 DES:TAX PAYMNT ID:     1235784960 INDN:FISHER SCIENTIFIC COMP  CO ID:9588805001 WEB,83004250973,WIRE,
Withdrawals Debits Other,20-Mar,,"-78,274.39",VA DEPT TAXATION DES:TAX PAYMEN ID:*****2737 INDN:FISHER SCIENTIFIC CO L  CO ID:1546001745 CCD,79014259829,WIRE,
Withdrawals Debits Other,23-Mar,,"-2,958.68",VTAX EFT DEPOSIT DES:ACH DEBIT  ID:SUT10074150 INDN:FISHER SCIENTIFIC COMP  CO ID:8036000264 CCD,83003639657,WIRE,
Withdrawals Debits Other,24-Mar,,"-521,502.77",WA DEPT REVENUE  DES:TAX PYMT   ID:4452946 INDN:FISHER SCIENTIFIC COMP  CO ID:9916001118 CCD,83011402538,WIRE,
Withdrawals Debits Other,18-Mar,,-397.39,Washington Paris DES:SALES TAX  ID:00001701 INDN:Fisher Scientific Comp  CO ID:1726001461 CCD,78004855017,WIRE,
Withdrawals Debits Other,25-Mar,,"-169,945.88",WI DEPT REVENUE  DES:TAXPAYMNT  ID:393303360 INDN:FISHER SCIENTIFIC COMP  CO ID:X000004100 CCD,85007818765,WIRE,
Withdrawals Debits Other,5-Mar,,"-148,614.37",Wire Out-international WIRE TYPE:INTL OUT DATE:200305 TIME:0425 ET TRN:2020030400372575 SERVICE REF:207389 BNF:THERMO FISHER SCIENTIFIC ( ID:001138205055 BNF BK:HONGKONG AND SHANGHAI B ID:HSBCCNSH/(CH0785 PMT DET:20024900 211046431BDM -16.78 9210913176B /,370372575,WIRE,
Withdrawals Debits Other,5-Mar,,-45.69,Wire Out-international WIRE TYPE:INTL OUT DATE:200305 TIME:0425 ET TRN:2020030400372638 SERVICE REF:207377 BNF:BIOMAR MICROBIAL TECHNOLOG ID:ES40001904640840 BNF BK:DEUTSCHE BANK SOCIEDAD ID:DEUTESBB/(CH0008 PMT DET:20024871 19/043 45.69,370372638,WIRE,
Withdrawals Debits Other,5-Mar,,"-9,262.50",Wire Out-international WIRE TYPE:INTL OUT DATE:200305 TIME:0425 ET TRN:2020030400372650 SERVICE REF:207364 BNF:THERMO FISHER SCIENTIFIC B ID:LT70214003000194 BNF BK:LUMINOR BANK AB (FORMER ID:NDEALT2X PMT DET:20024901 8845RI 9262.5,370372650,WIRE,
Withdrawals Debits Other,5-Mar,,"-5,434.13",Wire Out-international WIRE TYPE:INTL OUT DATE:200305 TIME:0427 ET TRN:2020030400372654 SERVICE REF:208732 BNF:XRF SCIENTIFIC AMERICAS IN ID:843455070 BNF BK:HSBC BANK CANADA ID:HKBCCATT/(CH1080 PMT DET:20024906 A2502486 3592.35 A2502493 1841. /,370372654,WIRE,
Withdrawals Debits Other,5-Mar,,"-2,058.75",Wire Out-international WIRE TYPE:INTL OUT DATE:200305 TIME:0922 ET TRN:2020030400372531 SERVICE REF:061376 BNF:APOGEE FLOW SYSTEMS ID:GB93NWBK60730108 BNF BK:NATIONAL WESTMINSTER BA ID:NWBKGB2L PMT DET:20024869 2835-1 506.25 2844-1 513 2845-1 /,370372531,WIRE,
Withdrawals Debits Other,5-Mar,,"-22,365.94",Wire Out-international WIRE TYPE:INTL OUT DATE:200305 TIME:0922 ET TRN:2020030400372534 SERVICE REF:061377 BNF:CHEMOMETEC AS ID:DK89300047771411 BNF BK:DANSK E BANK A/S ID:006550253668 PMT DET:20024878 66911 346 66953 625 66956 160 6 /6957 2905,370372534,WIRE,
Withdrawals Debits Other,5-Mar,,-573,"Wire Out-international WIRE TYPE:INTL OUT DATE:200305 TIME:0922 ET TRN:2020030400372537 SERVICE REF:821525 BNF:WUHAN HUAMEI BIOTECH CO., ID:3202009029200159 BNF BK:INDUSTRIAL AND COMMERCI ID:ICBKCNBJHUB PMT DET:20024883 180947 450 180950 123",370372537,WIRE,
Withdrawals Debits Other,5-Mar,,-610.7,Wire Out-international WIRE TYPE:INTL OUT DATE:200305 TIME:0922 ET TRN:2020030400372571 SERVICE REF:061399 BNF:NATIVE ANTIGEN COMPANY LTD ID:GB28MIDL40353452 BNF BK:HSBC BANK PLC ID:MIDLGB2108P PMT DET:200248 93 SI-00002574 610.7,370372571,WIRE,
Withdrawals Debits Other,5-Mar,,"-1,455.00",Wire Out-international WIRE TYPE:INTL OUT DATE:200305 TIME:0923 ET TRN:2020030400372529 RELATED REF:20024868 BNF:AMATEK CHEMICAL CO LTD ID:642010763838 BNF BK: HONGKONG AND SHANGHAI B ID:HSBCHKHHHKH PMT DET:201 9-09-0207 1455,370372529,WIRE,
Withdrawals Debits Other,5-Mar,,"-4,145.86",Wire Out-international WIRE TYPE:INTL OUT DATE:200305 TIME:0923 ET TRN:2020030400372532 SERVICE REF:490446 BNF:BIOTYPE DIAGNOSTIC GMBH ID:DE36850400000800 BNF BK:COMMERZBANK AG FRANKFUR ID:006290557316 PMT DET:20024874 VR1190756 4145.86,370372532,WIRE,
Withdrawals Debits Other,5-Mar,,"-4,055.15",Wire Out-international WIRE TYPE:INTL OUT DATE:200305 TIME:0923 ET TRN:2020030400372540 SERVICE REF:061446 BNF:IBA GMBH ID:DE52260700720028 BNF BK:DEUTSCHE B ANK AG ID:DEUTDE2H260 PMT DET:20024888 019-169027D M -428.75 2019-16897 /1 265.55 2019-168991 546.05,370372540,WIRE,
Withdrawals Debits Other,5-Mar,,-300,Wire Out-international WIRE TYPE:INTL OUT DATE:200305 TIME:0923 ET TRN:2020030400372542 SERVICE REF:061491 BNF:LARODAN FINE CHEM US ID:SE72950000996018 BNF BK:NORDEA BANK AB (PUBL) ID:006550071304 PMT DET:20024889 161146 300,370372542,WIRE,
Withdrawals Debits Other,5-Mar,,"-2,659.25",Wire Out-international WIRE TYPE:INTL OUT DATE:200305 TIME:0923 ET TRN:2020030400372543 SERVICE REF:061469 BNF:LUMINULTRA TECHNOLOGIES LT ID:4002671 BNF BK:R OYAL BANK OF CANADA ID:ROYCCAT2 PMT DET:20024890 1 2276 1465.55 172256 1193.7,370372543,WIRE,
Withdrawals Debits Other,5-Mar,,"-24,252.74",Wire Out-international WIRE TYPE:INTL OUT DATE:200305 TIME:0923 ET TRN:2020030400372546 SERVICE REF:821722 BNF:MICROLIT ID:10863757678 BNF BK:STATE BANK OF I NDIA ID:SBININBB157 PMT DET:20024892 EX/381/2019 2 4496.37 MWDJ002708 /17-118.18 SEDZ00132943 -125.45,370372546,WIRE,
Withdrawals Debits Other,5-Mar,,"-5,530.00",Wire Out-international WIRE TYPE:INTL OUT DATE:200305 TIME:0923 ET TRN:2020030400372548 SERVICE REF:821581 BNF:TTP LABTECH LTD ID:GB43LOYD30135511 BNF BK:LLO YDS BANK PLC ID:LOYDGB21035 PMT DET:20024904 19121 2013 525 191212014 3310 19 /1212082 1695,370372548,WIRE,
Withdrawals Debits Other,5-Mar,,"-1,348.97","Wire Out-international WIRE TYPE:INTL OUT DATE:200305 TIME:0923 ET TRN:2020030400372549 SERVICE REF:821829 BNF:UNICA CANADA ID:275910014601047 BNF BK:BANK OF MONTREAL, THE ID:BOFMCAM2 PMT DET:20024905 118149 1348.97",370372549,WIRE,
Withdrawals Debits Other,5-Mar,,"-13,051.00",Wire Out-international WIRE TYPE:INTL OUT DATE:200305 TIME:0923 ET TRN:2020030400372561 SERVICE REF:490442 BNF:ABNOVA CORPORATION ID:97388658588000 BNF BK:CH ANG HWA COMMERCIAL BA ID:CCBCTWTP973 PMT DET:20024 867 9201178161 536 9201178162 262 9 /201178168 262,370372561,WIRE,
Withdrawals Debits Other,5-Mar,,"-2,357.75","Wire Out-international WIRE TYPE:INTL OUT DATE:200305 TIME:0923 ET TRN:2020030400372562 SERVICE REF:061530 BNF:BIOMATIK CORPORATION ID:30534606222 BNF BK:BAN K OF MONTREAL, THE ID:BOFMCAM2 PMT DET:20024872 74 507 1641.25 74537 716.5",370372562,WIRE,
Withdrawals Debits Other,5-Mar,,"-2,999.94",Wire Out-international WIRE TYPE:INTL OUT DATE:200305 TIME:0923 ET TRN:2020030400372563 SERVICE REF:061467 BNF:BIORELEVANT ID:GB78NWBK60022063 BNF BK:NATIONA L WESTMINSTER BA ID:NWBKGB2L PMT DET:20024873 9868 2999.94,370372563,WIRE,
Withdrawals Debits Other,5-Mar,,"-70,040.00",Wire Out-international WIRE TYPE:INTL OUT DATE:200305 TIME:0923 ET TRN:2020030400372564 SERVICE REF:061412 BNF:CERCELL APS ID:DK64300034094093 BNF BK:DANSKE BANK A/S ID:006550253668 PMT DET:20024877 1577 230 40 1579 16800 1580 1570 /0 1581 14500,370372564,WIRE,
Withdrawals Debits Other,5-Mar,,"-3,898.40",Wire Out-international WIRE TYPE:INTL OUT DATE:200305 TIME:0923 ET TRN:2020030400372566 SERVICE REF:821723 BNF:CLEANSPACE TECHNOLOGY PTY ID:06200015620399 BNF BK:COMMONWEALTH BANK OF AU ID:CTBAAU2S PMT DET:20024879 29600 2568.9 29625 1329.5,370372566,WIRE,
Withdrawals Debits Other,5-Mar,,"-1,771.00",Wire Out-international WIRE TYPE:INTL OUT DATE:200305 TIME:0923 ET TRN:2020030400372572 SERVICE REF:061534 BNF:SAMPLING SYSTEMS ID:GB87LOYD30921800 BNF BK:LL OYDS BANK PLC ID:LOYDGB21619 PMT DET:20024896 7586 0 1616.65 75911 154.35,370372572,WIRE,
Withdrawals Debits Other,5-Mar,,"-211,662.92",Wire Out-international WIRE TYPE:INTL OUT DATE:200305 TIME:0923 ET TRN:2020030400372585 SERVICE REF:821564 BNF:ACROS ORGANICS BVBA ID:BE97826001516449 BNF BK:DEUTSCHE BANK A.G. ID:DEUTBEBE PMT DET:2002 4902 DVRQ00171367 -338.89 SCDQ004993 /06-23.31 270,370372585,WIRE,
Withdrawals Debits Other,5-Mar,,-656.55,Wire Out-international WIRE TYPE:INTL OUT DATE:200305 TIME:0923 ET TRN:2020030400372640 SERVICE REF:061498 BNF:BLUEMED MEDICAL SUPPLIES ID:0276525 BNF BK:BAN QUE NATIONALE DU CAN ID:BNDCCAMM PMT DET:20024875 5846 653.4 5846DM -29.7 5852 32 / .85,370372640,WIRE,
Withdrawals Debits Other,5-Mar,,"-2,969.40",Wire Out-international WIRE TYPE:INTL OUT DATE:200305 TIME:0923 ET TRN:2020030400372644 SERVICE REF:061456 BNF:BENEN TRADING LTD T/A FITZ ID:IE80AIBK93006727 BNF BK:ALLIED IRISH BANK LTD. ID:006550762806 PMT DET:20024887 130746 170 130772 402 130785 23 /,370372644,WIRE,
Withdrawals Debits Other,5-Mar,,"-2,608.04",Wire Out-international WIRE TYPE:INTL OUT DATE:200305 TIME:0923 ET TRN:2020030400372648 SERVICE REF:821694 BNF:NORGEN BIOTEK CORP ID:042220034003604 BNF BK:R OYAL BANK OF CANADA ID:ROYCCAT2 PMT DET:20024894 I NV40019 229.95 INV40021 217.15 / INV40033 782.95 I,370372648,WIRE,
Withdrawals Debits Other,5-Mar,,"-5,647.50",Wire Out-international WIRE TYPE:INTL OUT DATE:200305 TIME:0923 ET TRN:2020030400372649 SERVICE REF:821751 BNF:TEMPRIS GMBH ID:DE31703500000008 BNF BK:KREISS PARKASSE GARMISCH ID:BYLADEM1GAP PMT DET:20024898 541011 5647.5,370372649,WIRE,
Withdrawals Debits Other,5-Mar,,"-2,389.28",Wire Out-international WIRE TYPE:INTL OUT DATE:200305 TIME:0923 ET TRN:2020030400372652 SERVICE REF:061527 BNF:MAYBRIDGE LTD ID:GB22BARC20077178 BNF BK:BARCL AYS BANK PLC ID:BARCGB22 PMT DET:20024903 2000344 2389.28,370372652,WIRE,
Withdrawals Debits Other,5-Mar,,"-2,250.00",Wire Out-international WIRE TYPE:INTL OUT DATE:200305 TIME:0923 ET TRN:2020030400372805 SERVICE REF:821575 BNF:CDN ISOTOPES INC ID:003071914007191 BNF BK:ROY AL BANK OF CANADA ID:ROYCCAT2 PMT DET:20024876 119 093 2250,370372805,WIRE,
Withdrawals Debits Other,5-Mar,,"-1,029.06",Wire Out-international WIRE TYPE:INTL OUT DATE:200305 TIME:0923 ET TRN:2020030400372806 SERVICE REF:821721 BNF:CPA GLOBAL LIMITED ID:GB24MIDL40051569 BNF BK: HSBC BANK PLC ID:MIDLGB22 PMT DET:20024882 397979 552.06 397982 477,370372806,WIRE,
Withdrawals Debits Other,5-Mar,,"-4,397.00",Wire Out-international WIRE TYPE:INTL OUT DATE:200305 TIME:0923 ET TRN:2020030400372808 SERVICE REF:821726 BNF:DFMZ ID:917020281816 BNF BK:THE BANK OF NOVA S COTIA ID:006550905352 PMT DET:20024884 40541 4397,370372808,WIRE,
Withdrawals Debits Other,5-Mar,,-549.5,"Wire Out-international WIRE TYPE:INTL OUT DATE:200305 TIME:0923 ET TRN:2020030400372809 SERVICE REF:821737 BNF:DNA GENOTEK INC ID:7307179 BNF BK:TORONTO-DOMI NION BANK, ID:TDOMCATTTOR PMT DET:20024885 9033177 6 549.5",370372809,WIRE,
Withdrawals Debits Other,5-Mar,,"-1,605.70",Wire Out-international WIRE TYPE:INTL OUT DATE:200305 TIME:0923 ET TRN:2020030400372810 SERVICE REF:061517 BNF:MAYBRIDGE LTD ID:GB22BARC20077178 BNF BK:BARCL AYS BANK PLC ID:BARCGB22 PMT DET:20024886 2000305 61.9 2000306 56.5 20003 /0759.8 2000308 111.6,370372810,WIRE,
Withdrawals Debits Other,5-Mar,,-330.19,Wire Out-international WIRE TYPE:INTL OUT DATE:200305 TIME:0923 ET TRN:2020030400372812 SERVICE REF:061521 BNF:NORHOF ID:NL55INGB06734245 BNF BK:ING BANK N.V . ID:INGBNL2A PMT DET:20024895 1900909 330.19,370372812,WIRE,
Withdrawals Debits Other,5-Mar,,"-2,543.66",Wire Out-international WIRE TYPE:INTL OUT DATE:200305 TIME:0923 ET TRN:2020030400372815 SERVICE REF:821656 BNF:SILICYCLE INC ID:0010960 BNF BK:BANQUE NATIONA LE DU CAN ID:BNDCCAMMINT PMT DET:20024897 R-INV015 631 249.7 R-INV015659 4 /06R-INV015686 503.5 R-INV,370372815,WIRE,
Withdrawals Debits Other,5-Mar,,"-10,891.04",Wire Out-international WIRE TYPE:INTL OUT DATE:200305 TIME:0923 ET TRN:2020030400372816 SERVICE REF:821754 BNF:THERMO ELECTRON LED GMBH ID:DE61500700100096 BNF BK:DEUTSCHE BANK AG ID:DEUTDEFF PMT DET:200248 99 0093434374 441.14 0093434377 82 / .68 009343564,370372816,WIRE,
Withdrawals Debits Other,5-Mar,,-103.3,Wire Out-international WIRE TYPE:INTL OUT DATE:200305 TIME:0923 ET TRN:2020030400372818 SERVICE REF:821730 BNF:ZHEJIANG GONGDONG MEDICAL ID:383158358869 BNF BK:BANK OF CHINA ID:BKCHCNBJ92J PMT DET:200249 07 GD191015A 103.3,370372818,WIRE,
Withdrawals Debits Other,10-Mar,,"-1,116.33",Wire Out-international WIRE TYPE:INTL OUT DATE:200310 TIME:1418 ET TRN:2020030900576943 SERVICE REF:627508 BNF:CLEANSPACE TECHNOLOGY PTY ID:06200015620399 BNF BK:COMMONWEALTH BANK OF AU ID:CTBAAU2S PMT DET:20024909 27987 76.09 29644 383.25 30000 /6,370576943,WIRE,
Withdrawals Debits Other,11-Mar,,-32.41,Wire Out-international WIRE TYPE:INTL OUT DATE:200311 TIME:1547 ET TRN:2020031000572000 SERVICE REF:548068 BNF:CLEANSPACE TECHNOLOGY PTY ID:06200015620399 BNF BK:COMMONWEALTH BANK OF AU ID:006290689364 PMT DET:20024910 29797UD 32.41,370572000,WIRE,
Withdrawals Debits Other,12-Mar,,"-227,684.65",Wire Out-international WIRE TYPE:INTL OUT DATE:200312 TIME:0420 ET TRN:2020031100383513 SERVICE REF:171554 BNF:THERMO FISHER SCIENTIFIC ( ID:001138205055 BNF BK:HONGKONG AND SHANGHAI B ID:HSBCCNSH/(CH0785 PMT DET:20024926 MWDJ00511069 -86.58 MWDJ0056110 /,370383513,WIRE,
Withdrawals Debits Other,12-Mar,,"-144,789.60",Wire Out-international WIRE TYPE:INTL OUT DATE:200312 TIME:0420 ET TRN:2020031100383519 SERVICE REF:171560 BNF:THERMO FISHER SCIENTIFIC B ID:LT70214003000194 BNF BK:LUMINOR BANK AB (FORMER ID:NDEALT2X PMT DET:20024927 8876 RI 144789.6,370383519,WIRE,
Withdrawals Debits Other,12-Mar,,"-730,075.17",Wire Out-international WIRE TYPE:INTL OUT DATE:200312 TIME:0420 ET TRN:2020031100383522 SERVICE REF:171595 BNF:ACROS ORGANICS BVBA ID:BE97826001516449 BNF BK:DEUTSCHE BANK AG ID:DEUTBEBE/(CH1336 PMT DET:20024928 EPDD00525944 -65.82 EPDD0052614 /,370383522,WIRE,
Withdrawals Debits Other,12-Mar,,"-6,982.00",Wire Out-international WIRE TYPE:INTL OUT DATE:200312 TIME:1022 ET TRN:2020031100383465 SERVICE REF:555144 BNF:ABNOVA CORPORATION ID:97388658588000 BNF BK:CH ANG HWA COMMERCIAL BA ID:CCBCTWTP973 PMT DET:20024 911 9201178294 274 9201178313 136 9 /201178314 132,370383465,WIRE,
Withdrawals Debits Other,12-Mar,,"-14,000.00",Wire Out-international WIRE TYPE:INTL OUT DATE:200312 TIME:1022 ET TRN:2020031100383466 SERVICE REF:675993 BNF:AMADIS CHEMICAL ID:OSA1101209611070 BNF BK:PIN G AN BANK ID:006550890115 PMT DET:20024912 0190718 02340 5000 019082902420 /3000 019092602468 6000,370383466,WIRE,
Withdrawals Debits Other,12-Mar,,"-3,512.40",Wire Out-international WIRE TYPE:INTL OUT DATE:200312 TIME:1022 ET TRN:2020031100383468 SERVICE REF:675992 BNF:APACOR LIMITED ID:GB89LOYD30911111 BNF BK:LLOY DS BANK PLC ID:LOYDGB21059 PMT DET:20024913 SEDZ00 383345 -3588 TXDH00413954 / -12480 01/20 GP SHA -2,370383468,WIRE,
Withdrawals Debits Other,12-Mar,,"-5,560.00",Wire Out-international WIRE TYPE:INTL OUT DATE:200312 TIME:1022 ET TRN:2020031100383469 SERVICE REF:675999 BNF:CDN ISOTOPES INC ID:003071914007191 BNF BK:ROY AL BANK OF CANADA ID:ROYCCAT2 PMT DET:20024914 119 121 2085 119122 3475,370383469,WIRE,
Withdrawals Debits Other,12-Mar,,"-7,275.00",Wire Out-international WIRE TYPE:INTL OUT DATE:200312 TIME:1022 ET TRN:2020031100383470 SERVICE REF:924097 BNF:CHEMOMETEC AS ID:DK89300047771411 BNF BK:DANSK E BANK A/S ID:006550253668 PMT DET:20024915 66663 625 67082 1765 67100 1480 / 67184 910,370383470,WIRE,
Withdrawals Debits Other,12-Mar,,"-1,515.60",Wire Out-international WIRE TYPE:INTL OUT DATE:200312 TIME:1022 ET TRN:2020031100383471 SERVICE REF:924100 BNF:COMPUTER IMPRINTABLE LABEL ID:GB56HBUK40127658 BNF BK:HSBC UK BANK PLC ID:HBUKGB4B PMT DET:200249 16 0000225119 1515.6,370383471,WIRE,
Withdrawals Debits Other,12-Mar,,"-1,025.32",Wire Out-international WIRE TYPE:INTL OUT DATE:200312 TIME:1022 ET TRN:2020031100383472 SERVICE REF:924101 BNF:MAYBRIDGE LTD ID:GB22BARC20077178 BNF BK:BARCL AYS BANK PLC ID:BARCGB22 PMT DET:20024917 2000324 94.1 2000325 127.7 2000 /363 164.24 2000370 138.36,370383472,WIRE,
Withdrawals Debits Other,12-Mar,,-364.27,Wire Out-international WIRE TYPE:INTL OUT DATE:200312 TIME:1022 ET TRN:2020031100383474 SERVICE REF:924095 BNF:BENEN TRADING LTD T/A FITZ ID:IE80AIBK93006727 BNF BK:ALLIED IRISH BANK LTD. ID:006550762806 PMT DET:20024918 130878 364.27,370383474,WIRE,
Withdrawals Debits Other,12-Mar,,"-16,889.55",Wire Out-international WIRE TYPE:INTL OUT DATE:200312 TIME:1022 ET TRN:2020031100383477 SERVICE REF:676010 BNF:LABPLAS INC ID:0005865 BNF BK:BANQUE NATIONALE DU CAN ID:BNDCCAMMINT PMT DET:20024919 02/20 REBA TE -992.6 202231 360 /202234 161.12 202235 720,370383477,WIRE,
Withdrawals Debits Other,12-Mar,,"-2,168.40",Wire Out-international WIRE TYPE:INTL OUT DATE:200312 TIME:1022 ET TRN:2020031100383485 SERVICE REF:676016 BNF:NORGEN BIOTEK CORP ID:042220034003604 BNF BK:R OYAL BANK OF CANADA ID:ROYCCAT2 PMT DET:20024921 I NV40098 371.79 INV40099 229.95 / INV40109 229.95 I,370383485,WIRE,
Withdrawals Debits Other,12-Mar,,"-8,900.00","Wire Out-international WIRE TYPE:INTL OUT DATE:200312 TIME:1022 ET TRN:2020031100383494 SERVICE REF:557199 BNF:SAINT GOBAIN AMERICA OPERA ID:0104881389 BNF BK:BBVA BANCOMER, S.A. ID:BCMRMXMMPYM PMT DET: 20024923 19CV5004950 8900",370383494,WIRE,
Withdrawals Debits Other,12-Mar,,"-3,204.70",Wire Out-international WIRE TYPE:INTL OUT DATE:200312 TIME:1022 ET TRN:2020031100383499 SERVICE REF:676009 BNF:SILICYCLE INC ID:0010960 BNF BK:BANQUE NATIONA LE DU CAN ID:BNDCCAMMINT PMT DET:20024924 R-INV015 738 177.5 R-INV015741 5 /93.5 R-INV015770 211.5 R-,370383499,WIRE,
Withdrawals Debits Other,12-Mar,,"-10,220.00",Wire Out-international WIRE TYPE:INTL OUT DATE:200312 TIME:1023 ET TRN:2020031100383491 SERVICE REF:924141 BNF:REPLIGEN GMBH ID:DE25600501017482 BNF BK:BADEN -WUERTTEMBERGISCHE ID:SOLADEST600 PMT DET:20024922 2020-10019 10220,370383491,WIRE,
Withdrawals Debits Other,12-Mar,,"-38,776.56",Wire Out-international WIRE TYPE:INTL OUT DATE:200312 TIME:1023 ET TRN:2020031100383505 SERVICE REF:676056 BNF:THERMO ELECTRON LED GMBH ID:DE61500700100096 BNF BK:DEUTSCHE BANK AG ID:DEUTDEFF PMT DET:200249 25 0093438831 497.34 0093439390 72 /38.78 00934393,370383505,WIRE,
Withdrawals Debits Other,12-Mar,,"-37,000.00",Wire Out-international WIRE TYPE:INTL OUT DATE:200312 TIME:1136 ET TRN:2020031100383480 SERVICE REF:936438 BNF:MAKE POSITIVE PROVAR LIMIT ID:GB65ABBY09071500 BNF BK:SANTANDER UK PLC ID:ABBYGB2L PMT DET:200249 20 FSC-0001 37000,370383480,WIRE,
Withdrawals Debits Other,18-Mar,,"-429,000.00",Wire Out-international WIRE TYPE:INTL OUT DATE:200318 TIME:1317 ET TRN:2020031800378496 SERVICE REF:476741 BNF:ECO PARK (S) PTE LTD ID:3559021898 BNF BK:UNIT ED OVERSEAS BANK LT ID:006550397652 PMT DET:203I91 0219R81424,370378496,WIRE,
Withdrawals Debits Other,20-Mar,,"-4,235.18",Wire Out-international WIRE TYPE:INTL OUT DATE:200320 TIME:0759 ET TRN:2020032000295216 SERVICE REF:030368 BNF:FISHER SCIENTIFIC COSTA RI ID:916848476 BNF BK:BAC SAN JOSE SA-SERVICE ID:001901905932 PMT DET:203JE05199580145,370295216,WIRE,
Withdrawals Debits Other,20-Mar,,"-19,420.00",Wire Out-international WIRE TYPE:INTL OUT DATE:200320 TIME:1044 ET TRN:2020031900397431 SERVICE REF:858810 BNF:CERCELL APS ID:DK64300034094093 BNF BK:DANSKE BANK A/S ID:006550253668 PMT DET:20024930 1585 370 0 1587 15720,370397431,WIRE,
Withdrawals Debits Other,23-Mar,,"-1,143,200.00",Wire Out-international WIRE TYPE:INTL OUT DATE:200323 TIME:1718 ET TRN:2020032300646918 SERVICE REF:015504 BNF:THERMO FISHER SCIENTIFIC ( ID:001138205055 BNF BK:HONGKONG AND SHANGHAI B ID:HSBCCNSH PMT DET:203NG05585D81C20,370646918,WIRE,
Withdrawals Debits Other,23-Mar,,"-195,000.00",Wire Out-international WIRE TYPE:INTL OUT DATE:200323 TIME:1723 ET TRN:2020032300638929 SERVICE REF:948060 BNF:ECO PARK (S) PTE LTD ID:3559021898 BNF BK:UNIT ED OVERSEAS BANK LT ID:006550397652 PMT DET:203NF3 9355G91327,370638929,WIRE,
Withdrawals Debits Other,25-Mar,,"-1,360.00",Wire Out-international WIRE TYPE:INTL OUT DATE:200325 TIME:0422 ET TRN:2020032400516833 SERVICE REF:173545 BNF:APPLIED BIOLOGICAL MATERIA ID:1750030987113698 BNF BK:VANCITY COMMUNITY INVES ID:CTZNCA8V/(CH4119 PMT DET:20024935 59752 905 60023 180 60110 275,370516833,WIRE,
Withdrawals Debits Other,25-Mar,,"-228,800.00",Wire Out-international WIRE TYPE:INTL OUT DATE:200325 TIME:0956 ET TRN:2020032500352515 SERVICE REF:312817 BNF:THERMO FISHER SCIENTIFIC ( ID:001138205055 BNF BK:HONGKONG AND SHANGHAI B ID:HSBCCNSH/(CH0785 PMT DET:203P71112PSA1Z62,370352515,WIRE,
Withdrawals Debits Other,25-Mar,,"-130,000.00",Wire Out-international WIRE TYPE:INTL OUT DATE:200325 TIME:1105 ET TRN:2020032500352116 SERVICE REF:210072 BNF:ECO PARK (S) PTE LTD ID:3559021898 BNF BK:UNIT ED OVERSEAS BANK LT ID:006550397652 PMT DET:203P70 5193G81A47,370352116,WIRE,
Withdrawals Debits Other,25-Mar,,"-114,400.00",Wire Out-international WIRE TYPE:INTL OUT DATE:200325 TIME:1205 ET TRN:2020032500418324 SERVICE REF:367977 BNF:THERMO FISHER SCIENTIFIC ( ID:001138205055 BNF BK:HONGKONG AND SHANGHAI B ID:HSBCCNSH/(CH0785 PMT DET:203P839418Q81M95,370418324,WIRE,
Withdrawals Debits Other,25-Mar,,"-754,000.00",Wire Out-international WIRE TYPE:INTL OUT DATE:200325 TIME:1210 ET TRN:2020032500420994 SERVICE REF:489592 BNF:ECO PARK (S) PTE LTD ID:3559021898 BNF BK:UNIT ED OVERSEAS BANK LT ID:006550397652 PMT DET:203PA4 746LI92L62,370420994,WIRE,
Withdrawals Debits Other,25-Mar,,"-18,617.00",Wire Out-international WIRE TYPE:INTL OUT DATE:200325 TIME:1359 ET TRN:2020032400516819 SERVICE REF:671605 BNF:ABNOVA CORPORATION ID:97388658588000 BNF BK:CH ANG HWA COMMERCIAL BA ID:CCBCTWTP973 PMT DET:20024 932 9201178477 206 9201178478 164 9 /201178479 206,370516819,WIRE,
Withdrawals Debits Other,25-Mar,,-682,Wire Out-international WIRE TYPE:INTL OUT DATE:200325 TIME:1359 ET TRN:2020032400516821 SERVICE REF:354080 BNF:ABX ADVANCED BIOCHEMICAL C ID:DE19700202700865 BNF BK:UNICREDIT BANK AG (HYPO ID:HYVEDEMM496 PMT DET:20024933 R2000062 341 R2000066 341,370516821,WIRE,
Withdrawals Debits Other,25-Mar,,"-1,185.00",Wire Out-international WIRE TYPE:INTL OUT DATE:200325 TIME:1359 ET TRN:2020032400516824 RELATED REF:20024934 BNF:AMATEK CHEMICAL CO LTD ID:642010763838 BNF BK: HONGKONG AND SHANGHAI B ID:HSBCHKHHHKH PMT DET:201 9-12-0202 1185,370516824,WIRE,
Withdrawals Debits Other,25-Mar,,"-11,493.75","Wire Out-international WIRE TYPE:INTL OUT DATE:200325 TIME:1359 ET TRN:2020032400516837 SERVICE REF:085535 BNF:BIOMATIK CORPORATION ID:30534606222 BNF BK:BAN K OF MONTREAL, THE ID:BOFMCAM2 PMT DET:20024936 74 547 576.75 74548 637.5 74549 /371.25 74570 501.75",370516837,WIRE,
Withdrawals Debits Other,25-Mar,,"-3,789.96",Wire Out-international WIRE TYPE:INTL OUT DATE:200325 TIME:1359 ET TRN:2020032400516844 SERVICE REF:354089 BNF:BIORELEVANT ID:GB78NWBK60022063 BNF BK:NATIONA L WESTMINSTER BA ID:NWBKGB2L PMT DET:20024937 9889 499.99 9893 2999.99 9897 1 /49.99 9903 139.99,370516844,WIRE,
Withdrawals Debits Other,25-Mar,,-39.15,Wire Out-international WIRE TYPE:INTL OUT DATE:200325 TIME:1359 ET TRN:2020032400516847 SERVICE REF:085540 BNF:BLUEMED MEDICAL SUPPLIES ID:0276525 BNF BK:BAN QUE NATIONALE DU CAN ID:BNDCCAMM PMT DET:20024938 5863 39.15,370516847,WIRE,
Withdrawals Debits Other,25-Mar,,"-30,870.00",Wire Out-international WIRE TYPE:INTL OUT DATE:200325 TIME:1359 ET TRN:2020032400516850 SERVICE REF:354088 BNF:C LECTA GMBH ID:DE02860555921100 BNF BK:STADT- UND KREISSPARKASS ID:WELADE8L PMT DET:20024939 130 19327 720 13020038 30150,370516850,WIRE,
Withdrawals Debits Other,25-Mar,,"-1,050.00",Wire Out-international WIRE TYPE:INTL OUT DATE:200325 TIME:1359 ET TRN:2020032400516851 SERVICE REF:354090 BNF:CDN ISOTOPES INC ID:003071914007191 BNF BK:ROY AL BANK OF CANADA ID:ROYCCAT2 PMT DET:20024940 119 074 1050,370516851,WIRE,
Withdrawals Debits Other,25-Mar,,"-30,233.00",Wire Out-international WIRE TYPE:INTL OUT DATE:200325 TIME:1359 ET TRN:2020032400516852 SERVICE REF:354085 BNF:CHEMOMETEC AS ID:DK89300047771411 BNF BK:DANSK E BANK A/S ID:006550253668 PMT DET:20024941 67228 2435 67230 625 67241 625 /67244 340,370516852,WIRE,
Withdrawals Debits Other,25-Mar,,"-6,686.00",Wire Out-international WIRE TYPE:INTL OUT DATE:200325 TIME:1359 ET TRN:2020032400516853 SERVICE REF:354092 BNF:CLEANSPACE TECHNOLOGY PTY ID:06200015620399 BNF BK:COMMONWEALTH BANK OF AU ID:CTBAAU2S PMT DET:20024942 29707 189.5 29773 6496.5,370516853,WIRE,
Withdrawals Debits Other,25-Mar,,-707.75,"Wire Out-international WIRE TYPE:INTL OUT DATE:200325 TIME:1359 ET TRN:2020032400516855 SERVICE REF:085544 BNF:WUHAN HUAMEI BIOTECH CO., ID:3202009029200159 BNF BK:INDUSTRIAL AND COMMERCI ID:ICBKCNBJHUB PMT DET:20024943 CDCZ00583896 -100 180966 207 18 /",370516855,WIRE,
Withdrawals Debits Other,25-Mar,,-725,Wire Out-international WIRE TYPE:INTL OUT DATE:200325 TIME:1359 ET TRN:2020032400516857 SERVICE REF:085541 BNF:DYNAMIC BIOSENSORS GMBH ID:DE67701500001002 BNF BK:STADTSPARKASSE MUENCHEN ID:SSKMDEMM PMT DET:20024944 I0120200007 725 I0120200007A 72 /,370516857,WIRE,
Withdrawals Debits Other,25-Mar,,"-5,178.92",Wire Out-international WIRE TYPE:INTL OUT DATE:200325 TIME:1359 ET TRN:2020032400516858 RELATED REF:20024945 BNF:FLUOTICS INTERNATIONAL LTD ID:848842852838 BNF BK:HONGKONG AND SHANGHAI B ID:HSBCHKHHHKH PMT DET:GSK191230 2026.5 GSK200109 2372 / .42 Q926,370516858,WIRE,
Withdrawals Debits Other,25-Mar,,"-4,000.00",Wire Out-international WIRE TYPE:INTL OUT DATE:200325 TIME:1359 ET TRN:2020032400516861 SERVICE REF:674112 BNF:GENEFRONTIER CORPORATION ID:4988041161 BNF BK: SUMITOMO MITSUI BANKING ID:SMBCJPJT PMT DET:200249 46 PF2001Z58 4000,370516861,WIRE,
Withdrawals Debits Other,25-Mar,,"-4,372.00",Wire Out-international WIRE TYPE:INTL OUT DATE:200325 TIME:1359 ET TRN:2020032400516862 SERVICE REF:354105 BNF:CHANGZHOU HARRY CHEMICAL C ID:504058232497 BNF BK:BANK OF CHINA ID:BKCHCNBJ95E PMT DET:200249 47 HC-EL-064 712 HC-EL-065 187 HC- /EL-067 320 HC-,370516862,WIRE,
Withdrawals Debits Other,25-Mar,,"-16,950.00",Wire Out-international WIRE TYPE:INTL OUT DATE:200325 TIME:1359 ET TRN:2020032400516863 SERVICE REF:354091 BNF:HORIZON DISCOVERY LIMITED ID:GB10NWBK60730192 BNF BK:NATIONAL WESTMINSTER BA ID:NWBKGB2L PMT DET:20024948 PIN001419 5085 PIN001556 5085 P /,370516863,WIRE,
Withdrawals Debits Other,25-Mar,,"-11,946.55",Wire Out-international WIRE TYPE:INTL OUT DATE:200325 TIME:1359 ET TRN:2020032400516868 SERVICE REF:085545 BNF:IBA GMBH ID:DE52260700720028 BNF BK:DEUTSCHE B ANK AG ID:DEUTDE2H260 PMT DET:20024949 2020-169201 506.95 2020-169202 /234.1 2020-169205 546.05 2020,370516868,WIRE,
Withdrawals Debits Other,25-Mar,,"-2,208.00",Wire Out-international WIRE TYPE:INTL OUT DATE:200325 TIME:1359 ET TRN:2020032400516874 SERVICE REF:354102 BNF:INHECO GMBH ID:DE91700700100919 BNF BK:DEUTSCH E BANK AG ID:DEUTDEMM PMT DET:20024950 364788 2208,370516874,WIRE,
Withdrawals Debits Other,25-Mar,,-98.51,Wire Out-international WIRE TYPE:INTL OUT DATE:200325 TIME:1359 ET TRN:2020032400516878 SERVICE REF:085547 BNF:JENA BIOSCIENCE GMBH ID:DE05830200870004 BNF BK:UNICREDIT BANK AG (HYPO ID:HYVEDEMM463 PMT DET:20024951 FX112819 -1.46 2020-010044 99.9 /,370516878,WIRE,
Withdrawals Debits Other,25-Mar,,"-22,560.00",Wire Out-international WIRE TYPE:INTL OUT DATE:200325 TIME:1359 ET TRN:2020032400516883 SERVICE REF:354117 BNF:JPT PEPTIDE TECHNOLOGIES I ID:DE84100700000915 BNF BK:DEUTSCHE BANK AG ID:DEUTDEBB PMT DET:200249 52 42136 960 42225 21600,370516883,WIRE,
Withdrawals Debits Other,25-Mar,,-74.62,Wire Out-international WIRE TYPE:INTL OUT DATE:200325 TIME:1359 ET TRN:2020032400516887 SERVICE REF:085552 BNF:LUMINULTRA TECHNOLOGIES LT ID:4002671 BNF BK:R OYAL BANK OF CANADA ID:ROYCCAT2 PMT DET:20024953 1 2324 60.8 12325 13.82,370516887,WIRE,
Withdrawals Debits Other,25-Mar,,-552.24,Wire Out-international WIRE TYPE:INTL OUT DATE:200325 TIME:1359 ET TRN:2020032400516890 SERVICE REF:354100 BNF:MESTRELAB RESEARCH ID:ES08018261041102 BNF BK: BANCO BILBAO VIZCAYA AR ID:006550070116 PMT DET:20 024955 0061/2020 552.24,370516890,WIRE,
Withdrawals Debits Other,25-Mar,,-140,Wire Out-international WIRE TYPE:INTL OUT DATE:200325 TIME:1359 ET TRN:2020032400516893 SERVICE REF:354098 BNF:PHASE ANALYZER COMPANY LTD ID:4007134 BNF BK:R OYAL BANK OF CANADA ID:ROYCCAT2 PMT DET:20024957 1 993712 140,370516893,WIRE,
Withdrawals Debits Other,25-Mar,,-349,Wire Out-international WIRE TYPE:INTL OUT DATE:200325 TIME:1359 ET TRN:2020032400516894 SERVICE REF:354113 BNF:PROGEN BIOTECHNIK GMBH ID:7871503681 BNF BK:BA DEN-WUERTTEMBERGISCHE ID:SOLADEST600 PMT DET:20024 958 2020-300155 349,370516894,WIRE,
Withdrawals Debits Other,25-Mar,,"-1,112.38",Wire Out-international WIRE TYPE:INTL OUT DATE:200325 TIME:1359 ET TRN:2020032400516895 SERVICE REF:085556 BNF:PROMISE ADVANCED PROTEOMIC ID:FR76300040247500 BNF BK:BNP-PARIBAS SA (FORMERL ID:BNPAFRPPAAE PMT DET:20024959 1900128 1112.38,370516895,WIRE,
Withdrawals Debits Other,25-Mar,,"-4,500.00",Wire Out-international WIRE TYPE:INTL OUT DATE:200325 TIME:1359 ET TRN:2020032400516896 SERVICE REF:085553 BNF:QUANTIFIOL INSTRUMENTS GMB ID:DE64830530300000 BNF BK:SPARKASSE JENA-SAALE-HO ID:HELADEF1JEN PMT DET:20024960 VA006440 2900 VA006440DM -2900 /5,370516896,WIRE,
Withdrawals Debits Other,25-Mar,,"-4,450.00","Wire Out-international WIRE TYPE:INTL OUT DATE:200325 TIME:1359 ET TRN:2020032400516898 SERVICE REF:671610 BNF:SAINT GOBAIN AMERICA OPERA ID:0104881389 BNF BK:BBVA BANCOMER, S.A. ID:BCMRMXMMPYM PMT DET: 20024961 20CV500678 4450",370516898,WIRE,
Withdrawals Debits Other,25-Mar,,-580.04,Wire Out-international WIRE TYPE:INTL OUT DATE:200325 TIME:1359 ET TRN:2020032400516900 SERVICE REF:354119 BNF:SAMPLING SYSTEMS ID:GB87LOYD30921800 BNF BK:LL OYDS BANK PLC ID:LOYDGB21619 PMT DET:20024962 7614 2 496.13 76190 140.88 76190 /CV-56.97,370516900,WIRE,
Withdrawals Debits Other,25-Mar,,"-1,178.04",Wire Out-international WIRE TYPE:INTL OUT DATE:200325 TIME:1359 ET TRN:2020032400516904 SERVICE REF:354121 BNF:SEDONA LAB PRODUCTS ID:CZ14270000000021 BNF BK:UNICREDIT BANK CZECH RE ID:BACXCZPP PMT DET:20024963 200303 1178.04,370516904,WIRE,
Withdrawals Debits Other,25-Mar,,-207.57,Wire Out-international WIRE TYPE:INTL OUT DATE:200325 TIME:1359 ET TRN:2020032400516907 SERVICE REF:085557 BNF:SI METRIC MANUFACTURING LI ID:0203718 BNF BK:C ANADIAN IMPERIAL BANK ID:006550826157 PMT DET:2002 4964 M047688/E 207.57,370516907,WIRE,
Withdrawals Debits Other,25-Mar,,"-5,666.51",Wire Out-international WIRE TYPE:INTL OUT DATE:200325 TIME:1359 ET TRN:2020032400516910 SERVICE REF:354115 BNF:SILICYCLE INC ID:0010960 BNF BK:BANQUE NATIONA LE DU CAN ID:BNDCCAMMINT PMT DET:20024965 R-INV015 601 111.1 R-INV015837 2 /11.5 R-INV015875 144.4 R-,370516910,WIRE,
Withdrawals Debits Other,25-Mar,,-860,Wire Out-international WIRE TYPE:INTL OUT DATE:200325 TIME:1359 ET TRN:2020032400516911 SERVICE REF:354118 BNF:SYNTHOSE INC ID:922620159611 BNF BK:THE BANK O F NOVA SCOTIA ID:006550726001 PMT DET:20024966 156 69 860,370516911,WIRE,
Withdrawals Debits Other,25-Mar,,"-8,787.36",Wire Out-international WIRE TYPE:INTL OUT DATE:200325 TIME:1359 ET TRN:2020032400516912 SERVICE REF:354143 BNF:UBCHEM CO LTD ID:03896804100013 BNF BK:/KOOKMI N BANK/ ID:006550694497 PMT DET:20024967 UBC1911-0 59 8787.36,370516912,WIRE,
Withdrawals Debits Other,25-Mar,,-528,Wire Out-international WIRE TYPE:INTL OUT DATE:200325 TIME:1359 ET TRN:2020032400516916 SERVICE REF:671611 BNF:WATANABE CHEMICAL INDUSTRI ID:0699037 BNF BK:B ANK OF TOKYO-MITSUBISH ID:006290493268 PMT DET:200 24968 129923 528,370516916,WIRE,
Withdrawals Debits Other,27-Mar,,-700,Wire Out-international WIRE TYPE:INTL OUT DATE:200327 TIME:0412 ET TRN:2020032600426128 SERVICE REF:176815 BNF:ANGENE INTERNATIONAL LIMIT ID:0000005015112522 BNF BK:STANDARD CHARTERED BANK ID:SCBLCNSXNJG PMT DET:20024970 19L0888 700,370426128,WIRE,
Withdrawals Debits Other,27-Mar,,"-376,922.66",Wire Out-international WIRE TYPE:INTL OUT DATE:200327 TIME:0412 ET TRN:2020032600524743 SERVICE REF:176836 BNF:THERMO FISHER SCIENTIFIC ( ID:001138205055 BNF BK:HONGKONG AND SHANGHAI B ID:HSBCCNSH/(CH0785 PMT DET:20024989 DP20200307-P 114400 9210917939A /,370524743,WIRE,
Withdrawals Debits Other,27-Mar,,"-4,893.70",Wire Out-international WIRE TYPE:INTL OUT DATE:200327 TIME:0414 ET TRN:2020032600426170 SERVICE REF:178002 BNF:XRF SCIENTIFIC AMERICAS IN ID:843455070 BNF BK:HSBC BANK CANADA ID:HKBCCATT/(CH1080 PMT DET:20024986 A2502502 2463.28 A2502504 2430. /,370426170,WIRE,
Withdrawals Debits Other,27-Mar,,-324,Wire Out-international WIRE TYPE:INTL OUT DATE:200327 TIME:1223 ET TRN:2020032600426141 SERVICE REF:696847 BNF:BIOLAMINA AB ID:SE89500000000537 BNF BK:SKANDI NAVISKA ENSKILDA ID:006290071220 PMT DET:20024972 804976 247 804977 77,370426141,WIRE,
Withdrawals Debits Other,27-Mar,,-192.15,Wire Out-international WIRE TYPE:INTL OUT DATE:200327 TIME:1223 ET TRN:2020032600426143 SERVICE REF:634748 BNF:BLUEMED MEDICAL SUPPLIES ID:0276525 BNF BK:BAN QUE NATIONALE DU CAN ID:BNDCCAMM PMT DET:20024974 5868 60.75 5871 131.4,370426143,WIRE,
Withdrawals Debits Other,27-Mar,,"-5,580.00",Wire Out-international WIRE TYPE:INTL OUT DATE:200327 TIME:1223 ET TRN:2020032600426146 SERVICE REF:361500 BNF:CHEMOMETEC AS ID:DK89300047771411 BNF BK:DANSK E BANK A/S ID:006550253668 PMT DET:20024975 67616 1765 67617 1480 67618 233 /5,370426146,WIRE,
Withdrawals Debits Other,27-Mar,,-304.8,Wire Out-international WIRE TYPE:INTL OUT DATE:200327 TIME:1223 ET TRN:2020032600426147 SERVICE REF:361508 BNF:CLEANSPACE TECHNOLOGY PTY ID:06200015620399 BNF BK:COMMONWEALTH BANK OF AU ID:CTBAAU2S PMT DET:20024976 29830 304.8,370426147,WIRE,
Withdrawals Debits Other,27-Mar,,-375,Wire Out-international WIRE TYPE:INTL OUT DATE:200327 TIME:1223 ET TRN:2020032600426149 SERVICE REF:361504 BNF:ENGLISH & SCIENTIFIC CONSU ID:HU85109180010000 BNF BK:UNICREDIT BANK HUNGARY ID:BACXHUHB PMT DET: 20024977 2020-0010 375,370426149,WIRE,
Withdrawals Debits Other,27-Mar,,"-2,750.19",Wire Out-international WIRE TYPE:INTL OUT DATE:200327 TIME:1223 ET TRN:2020032600426151 SERVICE REF:634779 BNF:IBA GMBH ID:DE52260700720028 BNF BK:DEUTSCHE B ANK AG ID:DEUTDE2H260 PMT DET:20024978 2020-16386 247.32 2020-169354 1 /013.8 2020-169377 573.6 2020,370426151,WIRE,
Withdrawals Debits Other,27-Mar,,-675,Wire Out-international WIRE TYPE:INTL OUT DATE:200327 TIME:1223 ET TRN:2020032600426152 SERVICE REF:634781 BNF:INHECO GMBH ID:DE91700700100919 BNF BK:DEUTSCH E BANK AG ID:DEUTDEMM PMT DET:20024979 364548 675,370426152,WIRE,
Withdrawals Debits Other,27-Mar,,-100.15,Wire Out-international WIRE TYPE:INTL OUT DATE:200327 TIME:1223 ET TRN:2020032600426159 SERVICE REF:361502 BNF:SI METRIC MANUFACTURING LI ID:0203718 BNF BK:C ANADIAN IMPERIAL BANK ID:006550826157 PMT DET:2002 4983 M047688/EA 100.15,370426159,WIRE,
Withdrawals Debits Other,27-Mar,,"-3,600.00","Wire Out-international WIRE TYPE:INTL OUT DATE:200327 TIME:1224 ET TRN:2020032600426140 SERVICE REF:634802 BNF:BIOASPECT INC ID:7303113 BNF BK:TORONTO-DOMINI ON BANK, ID:TDOMCATTTOR PMT DET:20024971 20-0162 3 600",370426140,WIRE,
Withdrawals Debits Other,27-Mar,,"-3,139.00","Wire Out-international WIRE TYPE:INTL OUT DATE:200327 TIME:1224 ET TRN:2020032600426142 SERVICE REF:634793 BNF:BIOMATIK CORPORATION ID:30534606222 BNF BK:BAN K OF MONTREAL, THE ID:BOFMCAM2 PMT DET:20024973 74 691 1854 74702 850 74703 435",370426142,WIRE,
Withdrawals Debits Other,27-Mar,,"-22,426.25","Wire Out-international WIRE TYPE:INTL OUT DATE:200327 TIME:1224 ET TRN:2020032600426158 SERVICE REF:694007 BNF:SAINT GOBAIN AMERICA OPERA ID:0104881389 BNF BK:BBVA BANCOMER, S.A. ID:BCMRMXMMPYM PMT DET: 20024982 19CV5005561 22250 19CV5005665 1 /76.25",370426158,WIRE,
Withdrawals Debits Other,27-Mar,,"-4,613.43",Wire Out-international WIRE TYPE:INTL OUT DATE:200327 TIME:1224 ET TRN:2020032600426160 SERVICE REF:634825 BNF:SILICYCLE INC ID:0010960 BNF BK:BANQUE NATIONA LE DU CAN ID:BNDCCAMMINT PMT DET:20024984 R-INV016 168 438.13 R-INV016170 /228R-INV016192 1100.5 R-IN,370426160,WIRE,
Withdrawals Debits Other,27-Mar,,"-2,170.00",Wire Out-international WIRE TYPE:INTL OUT DATE:200327 TIME:1224 ET TRN:2020032600426164 SERVICE REF:634803 BNF:TTP LABTECH LTD ID:GB43LOYD30135511 BNF BK:LLO YDS BANK PLC ID:LOYDGB21035 PMT DET:20024985 19121 2161 2170,370426164,WIRE,
Withdrawals Debits Other,27-Mar,,"-166,665.62",Wire Out-international WIRE TYPE:INTL OUT DATE:200327 TIME:1224 ET TRN:2020032600426177 SERVICE REF:361531 BNF:ZHEJIANG GONGDONG MEDICAL ID:383158358869 BNF BK:BANK OF CHINA ID:BKCHCNBJ92J PMT DET:200249 87 GD0019032B 102.48 GD0019061 277 /45.4 GD0019062,370426177,WIRE,
Deposits Credits,10-Mar,,443.62,WIRE TYPE:BOOK IN DATE:200310 TIME:1715 ET TRN:2020031000624972 SNDR REF:BOA1224-10MAR20 ORIG:BANK OF AMERICA CUSTOMER ID:2016000962700 PMT DET:RTN 20024168 DD 31-OCT-19 604.00/USD RSN U TA INCORRECT BNF IBAN TRN 20191030-00315118 PHN/,370624972,WIRE,
Withdrawals Debits Other,25-Mar,,"-7,648.91",WIRE TYPE:BOOK OUT DATE:200325 TIME:0508 ET TRN:2020032400408077 RELATED REF:20024931 BNF:AMANDA ORTEGA ID:003261281051 PMT DET:CKR03052 0 3100 CKR030520A 4548. /91,370408077,WIRE,
Withdrawals Debits Other,25-Mar,,"-1,061.00",WIRE TYPE:BOOK OUT DATE:200325 TIME:0516 ET TRN:2020032400516892 RELATED REF:20024956 BNF:OZ BIOSCIENCES USA INC ID:164103414196 PMT DET:1303493 664 1303501 202 1303507 / 195,370516892,WIRE,
Withdrawals Debits Other,27-Mar,,-690,WIRE TYPE:BOOK OUT DATE:200327 TIME:0518 ET TRN:2020032600426156 RELATED REF:20024981 BNF:OZ BIOSCIENCES USA INC ID:164103414196 PMT DET:1303515 690,370426156,WIRE,
Withdrawals Debits Other,5-Mar,,"-11,037.00",WIRE TYPE:WIRE OUT DATE:200305 TIME:0423 ET TRN:2020030400372569 SERVICE REF:002420 BNF:MERCODIA INC ID:9012198 BNF BK:THE BANK OF NEW YORK ME ID:043000261 PMT DET:20024891 691576 664 691586 2295 691591 7 /70691592 655,370372569,WIRE,
Withdrawals Debits Other,5-Mar,,"-106,440.00","WIRE TYPE:WIRE OUT DATE:200305 TIME:0427 ET TRN:2020030400372535 SERVICE REF:208727 BNF:COGNIZANT WORLDWIDE LIMITE ID:837065338 BNF BK:JPMORGAN CHASE BANK, N. ID:0002 PMT DET:200 24881 CW101-000035 106440",370372535,WIRE,
Withdrawals Debits Other,5-Mar,,-203.98,"WIRE TYPE:WIRE OUT DATE:200305 TIME:0427 ET TRN:2020030400372550 SERVICE REF:208661 BNF:ZORO TOOLS ID:938504446 BNF BK:JPMORGAN CHASE BANK, N. ID:0002 PMT DET:20024908 INV7111813 48.49 INV7114659 155 / .49",370372550,WIRE,
Withdrawals Debits Other,5-Mar,,"-395,407.41","WIRE TYPE:WIRE OUT DATE:200305 TIME:0427 ET TRN:2020030400372637 SERVICE REF:208680 BNF:AT&T ID:30780386 BNF BK:CITIBANK, N.A. ID:0008 PMT DET:20024870 US002494L19 388880.33 US002965L /196527.08",370372637,WIRE,
Withdrawals Debits Other,5-Mar,,"-193,475.20","WIRE TYPE:WIRE OUT DATE:200305 TIME:0427 ET TRN:2020030400372641 SERVICE REF:208748 BNF:COGNIZANT TECHNOLOGY SOLUT ID:811108224 BNF BK:JPMORGAN CHASE BANK, N. ID:0002 PMT DET:200 24880 US410-000204 193475.2",370372641,WIRE,
Withdrawals Debits Other,9-Mar,,"-147,945.66","WIRE TYPE:WIRE OUT DATE:200309 TIME:1425 ET TRN:2020030900551856 SERVICE REF:011331 BNF:VALUMAX INTERNATIONAL INC ID:2030000323849 BNF BK:WELLS FARGO BANK, N.A. ID:121000248 PMT DET:2039C1314GI00F62",370551856,WIRE,
Withdrawals Debits Other,12-Mar,,-336.09,"WIRE TYPE:WIRE OUT DATE:200312 TIME:0422 ET TRN:2020031100383527 SERVICE REF:172355 BNF:ZORO TOOLS ID:938504446 BNF BK:JPMORGAN CHASE BANK, N. ID:0002 PMT DET:20024929 INV7139635 41.08 INV7141973 54. /5 INV7145109 19.39 INV7152572 221",370383527,WIRE,
Withdrawals Debits Other,19-Mar,,"-53,284.86","WIRE TYPE:WIRE OUT DATE:200319 TIME:1531 ET TRN:2020031900558328 SERVICE REF:012404 BNF:VIZIENT SUPPLY, LLC ID:86665 BNF BK:NORTHERN T RUST COMPANY, ID:071000152 PMT DET:203JE0922MTA1A0 5MR91000 February 2020 Fisher Scient",370558328,WIRE,
Withdrawals Debits Other,25-Mar,,"-6,308.00",WIRE TYPE:WIRE OUT DATE:200325 TIME:0421 ET TRN:2020032400516888 SERVICE REF:002174 BNF:MERCODIA INC ID:9012198 BNF BK:THE BANK OF NEW YORK ME ID:043000261 PMT DET:20024954 02/20 REBAT E -2040 691611 1595 /691612 555 700002 367,370516888,WIRE,
Withdrawals Debits Other,25-Mar,,"-7,338.44","WIRE TYPE:WIRE OUT DATE:200325 TIME:0422 ET TRN:2020032400516918 SERVICE REF:173552 BNF:ZORO TOOLS ID:938504446 BNF BK:JPMORGAN CHASE BANK, N. ID:0002 PMT DET:20024969 INV7182361 119.3 INV7182639 21. /01INV7182764 31.76 INV7186095 208",370516918,WIRE,
Withdrawals Debits Other,26-Mar,,"-171,909.84","WIRE TYPE:WIRE OUT DATE:200326 TIME:1306 ET TRN:2020032600449651 SERVICE REF:009558 BNF:LABORATORY CORP OF AMERICA ID:2000040959711 BNF BK:WELLS FARGO BANK, N.A. ID:121000248 PMT DET:203QA51269890L36Fisher Healthcare Labcorp",370449651,WIRE,
Withdrawals Debits Other,27-Mar,,"-3,913.00",WIRE TYPE:WIRE OUT DATE:200327 TIME:0412 ET TRN:2020032600426155 SERVICE REF:002243 BNF:MERCODIA INC ID:9012198 BNF BK:THE BANK OF NEW YORK ME ID:043000261 PMT DET:20024980 700048 2875 700055 351 700058 6 /87,370426155,WIRE,
Withdrawals Debits Other,27-Mar,,"-1,047.28","WIRE TYPE:WIRE OUT DATE:200327 TIME:0414 ET TRN:2020032600426183 SERVICE REF:177990 BNF:ZORO TOOLS ID:938504446 BNF BK:JPMORGAN CHASE BANK, N. ID:0002 PMT DET:20024988 INV7237534 301.3 8 INV7238419 52 /7 .16 INV7238883 205.12 INV723967",370426183,WIRE,
Withdrawals Debits Other,27-Mar,,"-161,602.00",WIRE TYPE:WIRE OUT DATE:200327 TIME:1732 ET TRN:2020032700512856 SERVICE REF:017767 BNF:CERO THERAPEUTICS. INC ID:3302035695 BNF BK:SI LICON VALLEY BANK ID:121140399 PMT DET:203RB13583E B1B42,370512856,WIRE,
Withdrawals Debits Other,19-Mar,,"-28,312.96",WVTREASURY       DES:WVTAXPAYPB ID:STO1275101184 INDN:FISHER SCIENTIFIC COMP  CO ID:1556000814 CCD,78015936024,WIRE,
Withdrawals Debits Other,16-Mar,,"-1,350.95",WYDOR            DES:WYDOR PMT  ID:24008379 (LIC) INDN:FISHER SCIENTIFI        CO ID:6830208667 CTX PMT INFO:TXP*24008379 (LIC)*ETS*20200313*T*1350.9 5\,73010446626,WIRE,
