Header Information,3299041832,2/28/2020,FSC LLC ORG 400 PAYROLL,300 INDUSTRY DR,PITTSBURGH PA  15275-1001,,,,,,
Account Summary,02/01/2020 - 02/28/2020,18,4,48,0,0,"32,075,038.49","3,817.68","32,071,220.81",0,0
Deposits Credits,3-Feb,,"20,275.38","5418THERMO FISHE DES:PAYMENT    ID:WAN-DELETE INDN:FISHER SCIENTIFIC, LLC  CO ID:N042301282 CCD",31016522275,,,,,,
Deposits Credits,4-Feb,,"1,310.77",WIRE TYPE:BOOK IN DATE:200204 TIME:1101 ET TRN:2020020400396179 SNDR REF:202485410CUL1781 ORIG:THERMO FISHER SCIENTIF IN ID:4426395418 PMT DET:CORRECT PAYROLL: T.C.,370396179,,,,,,
Deposits Credits,4-Feb,,"21,655.01","5418THERMO FISHE DES:PAYMENT    ID:WAN-DELETE INDN:FISHER SCIENTIFIC, LLC  CO ID:N042301282 CCD",34031481629,,,,,,
Deposits Credits,5-Feb,,"834,114.15",Tfr Transfer Credit           CUR FR 3756570030,722000513,,,,,,
Deposits Credits,6-Feb,,"2,326.49",Tfr Transfer Credit           CUR FR 3756570030,722000491,,,,,,
Deposits Credits,7-Feb,,"1,031.16",Tfr Transfer Credit           CUR FR 3756570030,722000493,,,,,,
Deposits Credits,10-Feb,,"7,914.46",Tfr Transfer Credit           CUR FR 3756570030,722000517,,,,,,
Deposits Credits,12-Feb,,"7,680,461.42",Tfr Transfer Credit           CUR FR 3756570030,722000467,,,,,,
Deposits Credits,13-Feb,,"5,452,523.96",Tfr Transfer Credit           CUR FR 3756570030,722000502,,,,,,
Deposits Credits,14-Feb,,"566,045.04",Tfr Transfer Credit           CUR FR 3756570030,722000509,,,,,,
Deposits Credits,18-Feb,,"670,450.79",Tfr Transfer Credit           CUR FR 3756570030,722000517,,,,,,
Deposits Credits,19-Feb,,"5,675.03",Tfr Transfer Credit           CUR FR 3756570030,722000491,,,,,,
Deposits Credits,20-Feb,,"1,322.35",Tfr Transfer Credit           CUR FR 3756570030,722000504,,,,,,
Deposits Credits,21-Feb,,"134,062.94",Tfr Transfer Credit           CUR FR 3756570030,722000491,,,,,,
Deposits Credits,24-Feb,,"3,275.32",Tfr Transfer Credit           CUR FR 3756570030,722000507,,,,,,
Deposits Credits,26-Feb,,"8,986,722.00",Tfr Transfer Credit           CUR FR 3756570030,722000488,,,,,,
Deposits Credits,27-Feb,,"6,758,971.14",Tfr Transfer Credit           CUR FR 3756570030,722000529,,,,,,
Deposits Credits,28-Feb,,"926,901.08",Tfr Transfer Credit           CUR FR 3756570030,722000527,,,,,,
Withdrawals Debits Other,3-Feb,,"5,015.21","5418THERMO FISHE DES:COLLECTION ID:WAN INDN:FISHER SCIENTIFIC, LLC  CO ID:N042301282 CCD",31017596033,,,,,,
Withdrawals Debits Other,3-Feb,,"6,022.39","5418THERMO FISHE DES:COLLECTION ID:WAN INDN:FISHER SCIENTIFIC, LLC  CO ID:N042301282 CCD",31016522270,,,,,,
Withdrawals Debits Other,3-Feb,,"9,237.78",Tfr Transfer Debit            CUR TO 3756570030,722000532,,,,,,
Withdrawals Debits Other,4-Feb,,"1,667.00",5418THERMO FISHE DES:COLLECTION ID:ZFU INDN:EX-PATS                 CO ID:N042301282 CCD,34031481620,,,,,,
Withdrawals Debits Other,4-Feb,,"9,095.16",Tfr Transfer Debit            CUR TO 3756570030,722000528,,,,,,
Withdrawals Debits Other,4-Feb,,"12,203.62","5418THERMO FISHE DES:COLLECTION ID:WAN INDN:FISHER SCIENTIFIC, LLC  CO ID:N042301282 CCD",34031481618,,,,,,
Withdrawals Debits Other,5-Feb,,660.39,"5418THERMO FISHE DES:COLLECTION ID:WAN INDN:FISHER SCIENTIFIC, LLC  CO ID:N042301282 CCD",35018266204,,,,,,
Withdrawals Debits Other,5-Feb,,"1,643.57","5418THERMO FISHE DES:COLLECTION ID:WAN INDN:FISHER SCIENTIFIC, LLC  CO ID:N042301282 CCD",35013943951,,,,,,
Withdrawals Debits Other,5-Feb,,"1,888.04","WIRE TYPE:WIRE OUT DATE:200205 TIME:1449 ET TRN:2020020500519691 SERVICE REF:011511 BNF:ADP CLIENT TRUST ID:192835673 BNF BK:JPMORGAN CHASE BANK, NA ID:021000021 PMT DET:3975500036JO A DP WAGE GARN",370519691,,,,,,
Withdrawals Debits Other,5-Feb,,"2,407.48",WIRE TYPE:BOOK OUT DATE:200205 TIME:1327 ET TRN:2020020500474181 RELATED REF:2025B185186K0733 BNF:THERMO FISHER SCIENTIFIC I ID:004426395418 PMT DET:CORRECT PAYROLL W.J.,370474181,,,,,,
Withdrawals Debits Other,5-Feb,,"827,514.67","WIRE TYPE:WIRE OUT DATE:200205 TIME:1412 ET TRN:2020020500498795 SERVICE REF:010796 BNF:ADP CLIENT TRUST ID:192835681 BNF BK:JPMORGAN CHASE BANK, NA ID:021000021 PMT DET:3719600036JO 3 033818VV",370498795,,,,,,
Withdrawals Debits Other,6-Feb,,"1,015.72","5418THERMO FISHE DES:COLLECTION ID:WAN INDN:FISHER SCIENTIFIC, LLC  CO ID:N042301282 CCD",36015120148,,,,,,
Withdrawals Debits Other,6-Feb,,"1,310.77",Summarized Debits        1,,,,,,,
Withdrawals Debits Other,7-Feb,,"1,031.16",Summarized Debits        1,,,,,,,
Withdrawals Debits Other,10-Feb,,"7,914.46","5418THERMO FISHE DES:COLLECTION ID:WAN INDN:FISHER SCIENTIFIC, LLC  CO ID:N042301282 CCD",38017007688,,,,,,
Withdrawals Debits Other,12-Feb,,"2,221.44","WIRE TYPE:WIRE OUT DATE:200212 TIME:1503 ET TRN:2020021200516704 SERVICE REF:011731 BNF:ADP CLIENT TRUST ID:192835673 BNF BK:JPMORGAN CHASE BANK, NA ID:021000021 PMT DET:4155000043JO A DP WAGE GARN",370516704,,,,,,
Withdrawals Debits Other,12-Feb,,"18,762.05","5418THERMO FISHE DES:COLLECTION ID:WAN INDN:FISHER SCIENTIFIC, LLC  CO ID:N042301282 CCD",42018416338,,,,,,
Withdrawals Debits Other,12-Feb,,"397,681.10",WIRE TYPE:WIRE OUT DATE:200212 TIME:0930 ET TRN:2020021200331341 SERVICE REF:004919 BNF:ADP CLIENT TRUST ID:00374926 BNF BK:DEUTSCHE B ANK TRUST CO. ID:021001033 PMT DET:021231353000825 57350067968 ADP WAGE PAY,370331341,,,,,,
Withdrawals Debits Other,12-Feb,,"7,261,796.83",WIRE TYPE:WIRE OUT DATE:200212 TIME:1515 ET TRN:2020021200525058 SERVICE REF:012035 BNF:ADP CLIENT TRUST ID:00374926 BNF BK:DEUTSCHE B ANK TRUST CO. ID:021001033 PMT DET:021233555701721 32600130090 ADP WAGE PAY,370525058,,,,,,
Withdrawals Debits Other,13-Feb,,"4,621.95","5418THERMO FISHE DES:COLLECTION ID:WAN INDN:FISHER SCIENTIFIC, LLC  CO ID:N042301282 CCD",43024742407,,,,,,
Withdrawals Debits Other,13-Feb,,"6,731.41","WIRE TYPE:WIRE OUT DATE:200213 TIME:0919 ET TRN:2020021300342127 SERVICE REF:005857 BNF:ADP CLIENT TRUST ID:192835673 BNF BK:JPMORGAN CHASE BANK, NA ID:021000021 PMT DET:1992000044JO A DP WAGE GARN",370342127,,,,,,
Withdrawals Debits Other,13-Feb,,"39,111.12","WIRE TYPE:WIRE OUT DATE:200213 TIME:1444 ET TRN:2020021300531617 SERVICE REF:012858 BNF:ADP CLIENT TRUST ID:192835673 BNF BK:JPMORGAN CHASE BANK, NA ID:021000021 PMT DET:4889700044JO A DP WAGE GARN",370531617,,,,,,
Withdrawals Debits Other,13-Feb,,"1,064,779.58","WIRE TYPE:WIRE OUT DATE:200213 TIME:1212 ET TRN:2020021300443472 SERVICE REF:009962 BNF:ADP CLIENT TRUST ID:192835681 BNF BK:JPMORGAN CHASE BANK, NA ID:021000021 PMT DET:3637000044JO 2 995853VV",370443472,,,,,,
Withdrawals Debits Other,13-Feb,,"4,337,279.90","WIRE TYPE:WIRE OUT DATE:200213 TIME:0912 ET TRN:2020021300335042 SERVICE REF:005368 BNF:ADP CLIENT TRUST ID:192835681 BNF BK:JPMORGAN CHASE BANK, NA ID:021000021 PMT DET:1605100044JO 3 087130VV",370335042,,,,,,
Withdrawals Debits Other,14-Feb,,255.94,5418THERMO FISHE DES:PAYMENT    ID:3299041832 INDN:FISHERSCIENTIFIC EXPAT  CO ID:N042301282 CCD PMT INFO:PAC DEDUCTIONS\,44014980616,,,,,,
Withdrawals Debits Other,14-Feb,,477.97,5418THERMO FISHE DES:PAYMENT    ID:3299041832 INDN:FISHER  SCIENTIFIC      CO ID:N042301282 CCD PMT INFO:PAC CONTRIBUTIONS\,44014980626,,,,,,
Withdrawals Debits Other,14-Feb,,"1,421.01","5418THERMO FISHE DES:COLLECTION ID:WAN INDN:FISHER SCIENTIFIC, LLC  CO ID:N042301282 CCD",44018173146,,,,,,
Withdrawals Debits Other,14-Feb,,"563,890.12","WIRE TYPE:WIRE OUT DATE:200214 TIME:0906 ET TRN:2020021400355582 SERVICE REF:005845 BNF:ADP CLIENT TRUST ID:192835681 BNF BK:JPMORGAN CHASE BANK, NA ID:021000021 PMT DET:1101900045JO 3 079495VV",370355582,,,,,,
Withdrawals Debits Other,18-Feb,,15,5418THERMO FISHE DES:COLLECTION ID:WB2 INDN:PUERTO RICO             CO ID:N042301282 CCD PMT INFO:225411\,45018332993,,,,,,
Withdrawals Debits Other,18-Feb,,410.03,Summarized Debits        1,,,,,,,
Withdrawals Debits Other,18-Feb,,"13,731.88","5418THERMO FISHE DES:COLLECTION ID:WAN INDN:FISHER SCIENTIFIC, LLC  CO ID:N042301282 CCD",45018332990,,,,,,
Withdrawals Debits Other,18-Feb,,"656,293.88","WIRE TYPE:WIRE OUT DATE:200218 TIME:0907 ET TRN:2020021800669422 SERVICE REF:009336 BNF:ADP CLIENT TRUST ID:192835681 BNF BK:JPMORGAN CHASE BANK, NA ID:021000021 PMT DET:1335400049JO 3 058565VV",370669422,,,,,,
Withdrawals Debits Other,19-Feb,,710.18,"5418THERMO FISHE DES:COLLECTION ID:WAN INDN:FISHER SCIENTIFIC, LLC  CO ID:N042301282 CCD",49021399243,,,,,,
Withdrawals Debits Other,19-Feb,,728.61,"5418THERMO FISHE DES:COLLECTION ID:WAN INDN:FISHER SCIENTIFIC, LLC  CO ID:N042301282 CCD",49015414127,,,,,,
Withdrawals Debits Other,19-Feb,,"1,475.54","5418THERMO FISHE DES:COLLECTION ID:WAN INDN:FISHER SCIENTIFIC, LLC  CO ID:N042301282 CCD",49026804864,,,,,,
Withdrawals Debits Other,19-Feb,,"2,760.70","WIRE TYPE:WIRE OUT DATE:200219 TIME:1450 ET TRN:2020021900560864 SERVICE REF:011391 BNF:ADP CLIENT TRUST ID:192835673 BNF BK:JPMORGAN CHASE BANK, NA ID:021000021 PMT DET:4147100050JO A DP WAGE GARN",370560864,,,,,,
Withdrawals Debits Other,20-Feb,,"1,322.35","5418THERMO FISHE DES:COLLECTION ID:WAN INDN:FISHER SCIENTIFIC, LLC  CO ID:N042301282 CCD",50025941330,,,,,,
Withdrawals Debits Other,21-Feb,,"134,062.94","WIRE TYPE:WIRE OUT DATE:200221 TIME:0902 ET TRN:2020022100332123 SERVICE REF:005526 BNF:ADP CLIENT TRUST ID:192835681 BNF BK:JPMORGAN CHASE BANK, NA ID:021000021 PMT DET:0995100052JO 3 187240VV",370332123,,,,,,
Withdrawals Debits Other,24-Feb,,"3,275.32","5418THERMO FISHE DES:COLLECTION ID:WAN INDN:FISHER SCIENTIFIC, LLC  CO ID:N042301282 CCD",52016654994,,,,,,
Withdrawals Debits Other,26-Feb,,718.35,"5418THERMO FISHE DES:COLLECTION ID:WAN INDN:FISHER SCIENTIFIC, LLC  CO ID:N042301282 CCD",56021689854,,,,,,
Withdrawals Debits Other,26-Feb,,"2,634.43","WIRE TYPE:WIRE OUT DATE:200226 TIME:1453 ET TRN:2020022600565163 SERVICE REF:012487 BNF:ADP CLIENT TRUST ID:192835673 BNF BK:JPMORGAN CHASE BANK, NA ID:021000021 PMT DET:4462600057JO A DP WAGE GARN",370565163,,,,,,
Withdrawals Debits Other,26-Feb,,"399,840.48",WIRE TYPE:WIRE OUT DATE:200226 TIME:0932 ET TRN:2020022600371009 SERVICE REF:005566 BNF:ADP CLIENT TRUST ID:00374926 BNF BK:DEUTSCHE B ANK TRUST CO. ID:021001033 PMT DET:022637847100670 45400104710 ADP WAGE PAY,370371009,,,,,,
Withdrawals Debits Other,26-Feb,,"8,583,528.74",WIRE TYPE:WIRE OUT DATE:200226 TIME:1500 ET TRN:2020022600570210 SERVICE REF:012702 BNF:ADP CLIENT TRUST ID:00374926 BNF BK:DEUTSCHE B ANK TRUST CO. ID:021001033 PMT DET:022640398501821 35550103398 ADP WAGE PAY,370570210,,,,,,
Withdrawals Debits Other,27-Feb,,"6,609.09","WIRE TYPE:WIRE OUT DATE:200227 TIME:0924 ET TRN:2020022700453250 SERVICE REF:006904 BNF:ADP CLIENT TRUST ID:192835673 BNF BK:JPMORGAN CHASE BANK, NA ID:021000021 PMT DET:2031500058JO A DP WAGE GARN",370453250,,,,,,
Withdrawals Debits Other,27-Feb,,"42,387.10","WIRE TYPE:WIRE OUT DATE:200227 TIME:1447 ET TRN:2020022700665743 SERVICE REF:014535 BNF:ADP CLIENT TRUST ID:192835673 BNF BK:JPMORGAN CHASE BANK, NA ID:021000021 PMT DET:5259000058JO A DP WAGE GARN",370665743,,,,,,
Withdrawals Debits Other,27-Feb,,"6,709,974.95","WIRE TYPE:WIRE OUT DATE:200227 TIME:0921 ET TRN:2020022700448496 SERVICE REF:006909 BNF:ADP CLIENT TRUST ID:192835681 BNF BK:JPMORGAN CHASE BANK, NA ID:021000021 PMT DET:1780900058JO 3 244032VV",370448496,,,,,,
Withdrawals Debits Other,28-Feb,,255.94,5418THERMO FISHE DES:PAYMENT    ID:3299041832 INDN:FISHERSCIENTIFIC EXPAT  CO ID:N042301282 CCD PMT INFO:PAC DEDUCTIONS\,58014895741,,,,,,
Withdrawals Debits Other,28-Feb,,484.79,5418THERMO FISHE DES:PAYMENT    ID:3299041832 INDN:FISHER  SCIENTIFIC      CO ID:N042301282 CCD PMT INFO:PAC CONTRIBUTIONS\,58014895751,,,,,,
Withdrawals Debits Other,28-Feb,,798.87,"5418THERMO FISHE DES:COLLECTION ID:WAN INDN:FISHER SCIENTIFIC, LLC  CO ID:N042301282 CCD",58014895331,,,,,,
Withdrawals Debits Other,28-Feb,,"1,065.72",Summarized Debits        1,,,,,,,
Withdrawals Debits Other,28-Feb,,"8,214.34","5418THERMO FISHE DES:COLLECTION ID:WAN INDN:FISHER SCIENTIFIC, LLC  CO ID:N042301282 CCD",58010657129,,,,,,
Withdrawals Debits Other,28-Feb,,"916,081.42","WIRE TYPE:WIRE OUT DATE:200228 TIME:1211 ET TRN:2020022800584051 SERVICE REF:016705 BNF:ADP CLIENT TRUST ID:192835681 BNF BK:JPMORGAN CHASE BANK, NA ID:021000021 PMT DET:3080600059JO 3 124158VV",370584051,,,,,,
Daily Balance,31-Jan,0,0,,,,,,,,
Daily Balance,28-Feb,0,0,,,,,,,,
