"Header Information","3756570030","03/27/2020","FISHER SCIENTIFIC COMPANY LLC","CONCENTRATION ACCOUNT","300 INDUSTRY DR","PITTSBURGH PA  15275-1001"
"Account Summary","02/29/2020 - 03/27/2020","105","0","145","0",".00","1,051,995,634.31",".00","1,051,995,634.31",".00",".00"
"Deposits Credits","03/02","","44.90","Zero Balance Transfer         TRSF FR 4426395434","00722164291"
"Deposits Credits","03/02","","1,899.53","Zero Balance Transfer         TRSF FR 3756570043","00722028116"
"Deposits Credits","03/02","","37,429.84","Zero Balance Transfer         TRSF FR 3756570085","00722028124"
"Deposits Credits","03/02","","179,184.11","Zero Balance Transfer         TRSF FR 3756570072","00722028122"
"Deposits Credits","03/02","","7,841,793.93","Zero Balance Transfer         TRSF FR 4426395434","00722005843"
"Deposits Credits","03/03","","39.70","Zero Balance Transfer         TRSF FR 4426395434","00722130395"
"Deposits Credits","03/03","","44,966.37","Zero Balance Transfer         TRSF FR 3756570085","00722020772"
"Deposits Credits","03/03","","176,113.40","Zero Balance Transfer         TRSF FR 3756570072","00722020770"
"Deposits Credits","03/03","","192,857.36","Zero Balance Transfer         TRSF FR 3756570043","00722020762"
"Deposits Credits","03/03","","235,014.45","Zero Balance Transfer         TRSF FR 3756570056","00722020765"
"Deposits Credits","03/03","","7,849,309.17","Zero Balance Transfer         TRSF FR 4426395434","00722005667"
"Deposits Credits","03/04","","69.33","Zero Balance Transfer         TRSF FR 4426395434","00722112749"
"Deposits Credits","03/04","","1,800.00","Zero Balance Transfer         TRSF FR 3756570043","00722017999"
"Deposits Credits","03/04","","72,084.74","Zero Balance Transfer         TRSF FR 3756570072","00722018006"
"Deposits Credits","03/04","","84,857.28","Zero Balance Transfer         TRSF FR 3756570085","00722018008"
"Deposits Credits","03/04","","27,874,772.90","Zero Balance Transfer         TRSF FR 4426395434","00722005641"
"Deposits Credits","03/04","","70,924,473.00","WIRE TYPE:BOOK IN DATE:200304 TIME:1703 ET TRN:2020030400578245 SNDR REF:2034F5838NT22D74 ORIG:FSI RECEIVABLES COMPANY L ID:3756240072 PMT DET:Asset Sec","00370578245"
"Deposits Credits","03/05","","1,307.74","Zero Balance Transfer         TRSF FR 4426395434","00722115214"
"Deposits Credits","03/05","","16,132.02","Zero Balance Transfer         TRSF FR 3756570085","00722018616"
"Deposits Credits","03/05","","20,817.81","Zero Balance Transfer         TRSF FR 3756570043","00722018606"
"Deposits Credits","03/05","","27,951.16","Zero Balance Transfer         TRSF FR 3756570056","00722018609"
"Deposits Credits","03/05","","411,017.08","Zero Balance Transfer         TRSF FR 3756570072","00722018614"
"Deposits Credits","03/05","","8,160,653.04","Zero Balance Transfer         TRSF FR 4426395434","00722005568"
"Deposits Credits","03/05","","70,924,473.00","WIRE TYPE:BOOK IN DATE:200305 TIME:1328 ET TRN:2020030500534342 SNDR REF:2035C2647QK30364 ORIG:FSI RECEIVABLES COMPANY L ID:3756240072 PMT DET:Asset Sec","00370534342"
"Deposits Credits","03/06","","11,429.23","Zero Balance Transfer         TRSF FR 3756570085","00722018552"
"Deposits Credits","03/06","","16,963.51","Zero Balance Transfer         TRSF FR 3756570043","00722018544"
"Deposits Credits","03/06","","770,828.31","Zero Balance Transfer         TRSF FR 3756570072","00722018550"
"Deposits Credits","03/06","","6,809,013.44","Zero Balance Transfer         TRSF FR 4426395434","00722005333"
"Deposits Credits","03/06","","70,924,531.60","Zero Balance Transfer         TRSF FR 4426395434","00722018542"
"Deposits Credits","03/09","","709.59","Zero Balance Transfer         TRSF FR 4426395434","00722154298"
"Deposits Credits","03/09","","2,918.24","Zero Balance Transfer         TRSF FR 3756570043","00722027437"
"Deposits Credits","03/09","","124,938.14","Zero Balance Transfer         TRSF FR 3756570085","00722027445"
"Deposits Credits","03/09","","1,412,762.09","Zero Balance Transfer         TRSF FR 3756570072","00722027443"
"Deposits Credits","03/09","","34,651,842.31","Zero Balance Transfer         TRSF FR 4426395434","00722005715"
"Deposits Credits","03/10","","958.70","Zero Balance Transfer         TRSF FR 4426395434","00722121794"
"Deposits Credits","03/10","","1,839.09","Zero Balance Transfer         TRSF FR 3756570056","00722020164"
"Deposits Credits","03/10","","48,010.67","Zero Balance Transfer         TRSF FR 3756570085","00722020171"
"Deposits Credits","03/10","","250,270.12","Zero Balance Transfer         TRSF FR 3756570072","00722020169"
"Deposits Credits","03/10","","1,431,461.14","Zero Balance Transfer         TRSF FR 3756570043","00722020161"
"Deposits Credits","03/10","","4,259,576.45","Zero Balance Transfer         TRSF FR 4426395434","00722005536"
"Deposits Credits","03/11","","150.00","Zero Balance Transfer         TRSF FR 3756570043","00722017925"
"Deposits Credits","03/11","","2,818.13","Zero Balance Transfer         TRSF FR 4426395434","00722111459"
"Deposits Credits","03/11","","154,280.58","Zero Balance Transfer         TRSF FR 3756570085","00722017932"
"Deposits Credits","03/11","","646,191.52","Zero Balance Transfer         TRSF FR 3756570072","00722017930"
"Deposits Credits","03/11","","27,592,812.79","Zero Balance Transfer         TRSF FR 4426395434","00722005570"
"Deposits Credits","03/11","","174,645,107.52","WIRE TYPE:BOOK IN DATE:200311 TIME:1511 ET TRN:2020031100554299 SNDR REF:203BE08469V31D84 ORIG:FSI RECEIVABLES COMPANY L ID:3756240072 PMT DET:Asset Sec","00370554299"
"Deposits Credits","03/12","","1,233.95","Zero Balance Transfer         TRSF FR 4426395434","00722109917"
"Deposits Credits","03/12","","2,930.92","Zero Balance Transfer         TRSF FR 3756570043","00722018343"
"Deposits Credits","03/12","","161,715.32","Zero Balance Transfer         TRSF FR 3756570085","00722018353"
"Deposits Credits","03/12","","252,255.11","Zero Balance Transfer         TRSF FR 3756570056","00722018346"
"Deposits Credits","03/12","","585,372.41","Zero Balance Transfer         TRSF FR 3756570072","00722018351"
"Deposits Credits","03/12","","70,305,299.86","Zero Balance Transfer         TRSF FR 4426395434","00722005409"
"Deposits Credits","03/13","","1,502.04","Zero Balance Transfer         TRSF FR 4426395434","00722111186"
"Deposits Credits","03/13","","2,816.65","Zero Balance Transfer         TRSF FR 3756570043","00722018306"
"Deposits Credits","03/13","","442,728.02","Zero Balance Transfer         TRSF FR 3756570085","00722018314"
"Deposits Credits","03/13","","1,281,547.46","Zero Balance Transfer         TRSF FR 3756570072","00722018312"
"Deposits Credits","03/13","","23,694,814.44","Zero Balance Transfer         TRSF FR 4426395434","00722005297"
"Deposits Credits","03/16","","389.31","Zero Balance Transfer         TRSF FR 4426395434","00722159074"
"Deposits Credits","03/16","","86,818.43","Zero Balance Transfer         TRSF FR 3756570085","00722027276"
"Deposits Credits","03/16","","1,349,769.35","Zero Balance Transfer         TRSF FR 3756570072","00722027274"
"Deposits Credits","03/16","","2,751,661.02","WIRE TYPE:BOOK IN DATE:200316 TIME:1507 ET TRN:2020031600637086 SNDR REF:203GE0054RQB1F31 ORIG:FSI RECEIVABLES COMPANY L ID:3756240072 PMT DET:Asset Sec","00370637086"
"Deposits Credits","03/16","","5,549,852.90","Zero Balance Transfer         TRSF FR 3756570043","00722027268"
"Deposits Credits","03/16","","29,511,319.07","Zero Balance Transfer         TRSF FR 4426395434","00722005946"
"Deposits Credits","03/17","","728.00","Zero Balance Transfer         TRSF FR 4426395434","00722112864"
"Deposits Credits","03/17","","70,234.40","Zero Balance Transfer         TRSF FR 3756570085","00722018644"
"Deposits Credits","03/17","","191,657.17","Zero Balance Transfer         TRSF FR 3756570072","00722018642"
"Deposits Credits","03/17","","11,697,680.02","Zero Balance Transfer         TRSF FR 4426395434","00722005618"
"Deposits Credits","03/18","","1,800.00","Zero Balance Transfer         TRSF FR 3756570043","00722016476"
"Deposits Credits","03/18","","5,985.30","Zero Balance Transfer         TRSF FR 4426395434","00722101908"
"Deposits Credits","03/18","","76,848.64","Zero Balance Transfer         TRSF FR 3756570085","00722016482"
"Deposits Credits","03/18","","4,259,919.80","Zero Balance Transfer         TRSF FR 4426395434","00722005468"
"Deposits Credits","03/18","","139,412,978.94","WIRE TYPE:BOOK IN DATE:200318 TIME:1342 ET TRN:2020031800472225 SNDR REF:203IA42210G81B79 ORIG:FSI RECEIVABLES COMPANY L ID:3756240072 PMT DET:Asset Sec","00370472225"
"Deposits Credits","03/19","","1,837.40","Zero Balance Transfer         TRSF FR 4426395434","00722097234"
"Deposits Credits","03/19","","203,714.72","Zero Balance Transfer         TRSF FR 3756570056","00722015844"
"Deposits Credits","03/19","","311,502.07","Zero Balance Transfer         TRSF FR 3756570043","00722015841"
"Deposits Credits","03/19","","701,628.75","Zero Balance Transfer         TRSF FR 3756570085","00722015849"
"Deposits Credits","03/19","","6,440,421.02","Zero Balance Transfer         TRSF FR 4426395434","00722005417"
"Deposits Credits","03/20","","4,642.80","Zero Balance Transfer         TRSF FR 4426395434","00722098576"
"Deposits Credits","03/20","","53,763.90","Zero Balance Transfer         TRSF FR 3756570085","00722016261"
"Deposits Credits","03/20","","210,506.55","Zero Balance Transfer         TRSF FR 3756570043","00722016255"
"Deposits Credits","03/20","","14,713,913.65","Zero Balance Transfer         TRSF FR 4426395434","00722005374"
"Deposits Credits","03/23","","658.59","Zero Balance Transfer         TRSF FR 4426395434","00722120728"
"Deposits Credits","03/23","","433,158.92","Zero Balance Transfer         TRSF FR 3756570085","00722021350"
"Deposits Credits","03/23","","714,717.37","Zero Balance Transfer         TRSF FR 3756570043","00722021344"
"Deposits Credits","03/23","","9,489,929.12","Zero Balance Transfer         TRSF FR 4426395434","00722005445"
"Deposits Credits","03/24","","100.00","Zero Balance Transfer         TRSF FR 3756570043","00722014661"
"Deposits Credits","03/24","","790.36","Zero Balance Transfer         TRSF FR 4426395434","00722089220"
"Deposits Credits","03/24","","10,550.41","Zero Balance Transfer         TRSF FR 3756570085","00722014667"
"Deposits Credits","03/24","","5,808,243.74","Zero Balance Transfer         TRSF FR 4426395434","00722005311"
"Deposits Credits","03/25","","2,286.01","Zero Balance Transfer         TRSF FR 4426395434","00722084581"
"Deposits Credits","03/25","","52,537.81","Zero Balance Transfer         TRSF FR 3756570043","00722013962"
"Deposits Credits","03/25","","82,314.45","Zero Balance Transfer         TRSF FR 3756570056","00722013965"
"Deposits Credits","03/25","","248,719.76","Zero Balance Transfer         TRSF FR 3756570085","00722013970"
"Deposits Credits","03/25","","466,629.43","Tfr Transfer Credit           CUR FR 3299035446","00722000320"
"Deposits Credits","03/25","","41,591,844.75","Zero Balance Transfer         TRSF FR 4426395434","00722005209"
"Deposits Credits","03/25","","124,687,122.08","WIRE TYPE:BOOK IN DATE:200325 TIME:1423 ET TRN:2020032500487029 SNDR REF:203PB3742JS92247 ORIG:FSI RECEIVABLES COMPANY L ID:3756240072 PMT DET:Asset Sec","00370487029"
"Deposits Credits","03/26","","1,225.73","Zero Balance Transfer         TRSF FR 4426395434","00722082534"
"Deposits Credits","03/26","","33,977.33","Zero Balance Transfer         TRSF FR 3756570085","00722013245"
"Deposits Credits","03/26","","119,562.65","Zero Balance Transfer         TRSF FR 3756570043","00722013237"
"Deposits Credits","03/26","","147,032.00","Zero Balance Transfer         TRSF FR 3756570056","00722013240"
"Deposits Credits","03/26","","28,403,512.28","Zero Balance Transfer         TRSF FR 4426395434","00722005081"
"Deposits Credits","03/27","","235.75","Zero Balance Transfer         TRSF FR 4426395434","00722089793"
"Deposits Credits","03/27","","91,814.89","Zero Balance Transfer         TRSF FR 3756570085","00722015011"
"Deposits Credits","03/27","","616,489.51","Zero Balance Transfer         TRSF FR 3756570043","00722015006"
"Deposits Credits","03/27","","5,811,916.95","Zero Balance Transfer         TRSF FR 4426395434","00722005015"
"Withdrawals Debits Other","03/02","","21.43","Zero Balance Transfer         TRSF TO 3756570085","00722028125"
"Withdrawals Debits Other","03/02","","23.47","Zero Balance Transfer         TRSF TO 3756570043","00722028117"
"Withdrawals Debits Other","03/02","","7,908.87","Tfr Transfer Debit            CUR TO 3299033656","00722000322"
"Withdrawals Debits Other","03/02","","218,513.48","Zero Balance Transfer         TRSF TO 4426395434","00722164290"
"Withdrawals Debits Other","03/02","","265,619.99","Tfr Transfer Debit            CUR TO 3299035446","00722000350"
"Withdrawals Debits Other","03/02","","535,547.90","Tfr Transfer Debit            CUR TO 3299041832","00722000519"
"Withdrawals Debits Other","03/02","","7,032,717.17","Tfr Transfer Debit            CUR TO 3299033649","00722000320"
"Withdrawals Debits Other","03/03","","39.70","Zero Balance Transfer         TRSF TO 3756570043","00722020763"
"Withdrawals Debits Other","03/03","","5,232.33","Tfr Transfer Debit            CUR TO 3299041832","00722000507"
"Withdrawals Debits Other","03/03","","13,333.51","Tfr Transfer Debit            CUR TO 3299033656","00722000323"
"Withdrawals Debits Other","03/03","","108,480.64","Tfr Transfer Debit            CUR TO 3299035446","00722000351"
"Withdrawals Debits Other","03/03","","159,169.80","Tfr Transfer Debit            CUR TO 3299041840","00722000509"
"Withdrawals Debits Other","03/03","","648,951.58","Zero Balance Transfer         TRSF TO 4426395434","00722130394"
"Withdrawals Debits Other","03/03","","7,563,092.89","Tfr Transfer Debit            CUR TO 3299033649","00722000321"
"Withdrawals Debits Other","03/04","","13.02","Zero Balance Transfer         TRSF TO 3756570085","00722018009"
"Withdrawals Debits Other","03/04","","56.31","Zero Balance Transfer         TRSF TO 3756570043","00722018001"
"Withdrawals Debits Other","03/04","","246.26","Tfr Transfer Debit            CUR TO 3299033656","00722000314"
"Withdrawals Debits Other","03/04","","71,231.36","Tfr Transfer Debit            CUR TO 3299041840","00722000483"
"Withdrawals Debits Other","03/04","","153,334.22","Tfr Transfer Debit            CUR TO 3299035446","00722000338"
"Withdrawals Debits Other","03/04","","451,493.12","Tfr Transfer Debit            CUR TO 3299041832","00722000481"
"Withdrawals Debits Other","03/04","","27,198,467.94","Tfr Transfer Debit            CUR TO 3299033649","00722000312"
"Withdrawals Debits Other","03/04","","71,083,215.02","Zero Balance Transfer         TRSF TO 4426395434","00722017997"
"Withdrawals Debits Other","03/05","","594.51","Tfr Transfer Debit            CUR TO 3299041832","00722000475"
"Withdrawals Debits Other","03/05","","1,307.74","Zero Balance Transfer         TRSF TO 3756570043","00722018607"
"Withdrawals Debits Other","03/05","","64,850.50","Tfr Transfer Debit            CUR TO 3299033656","00722000305"
"Withdrawals Debits Other","03/05","","488,401.86","Tfr Transfer Debit            CUR TO 3299035446","00722000323"
"Withdrawals Debits Other","03/05","","7,606,806.17","Tfr Transfer Debit            CUR TO 3299033649","00722000303"
"Withdrawals Debits Other","03/05","","71,400,391.07","Zero Balance Transfer         TRSF TO 4426395434","00722018604"
"Withdrawals Debits Other","03/06","","58.60","Zero Balance Transfer         TRSF TO 3756570043","00722018545"
"Withdrawals Debits Other","03/06","","3,422.68","Tfr Transfer Debit            CUR TO 3299033656","00722000310"
"Withdrawals Debits Other","03/06","","156,140.75","Tfr Transfer Debit            CUR TO 3299035446","00722000336"
"Withdrawals Debits Other","03/06","","799,221.05","Zero Balance Transfer         TRSF TO 4426395434","00722113017"
"Withdrawals Debits Other","03/06","","6,649,450.01","Tfr Transfer Debit            CUR TO 3299033649","00722000308"
"Withdrawals Debits Other","03/06","","70,924,473.00","WIRE TYPE:BOOK OUT DATE:200306 TIME:1632 ET TRN:2020030600628968 RELATED REF:2036E01524432U76 BNF:FSI RECEIVABLES COMPANY LL ID:003756240072 PMT DET:Duplicate payment","00370628968"
"Withdrawals Debits Other","03/09","","26.67","Zero Balance Transfer         TRSF TO 3756570043","00722027438"
"Withdrawals Debits Other","03/09","","668.90","Tfr Transfer Debit            CUR TO 3299041840","00722000480"
"Withdrawals Debits Other","03/09","","682.92","Zero Balance Transfer         TRSF TO 3756570085","00722027446"
"Withdrawals Debits Other","03/09","","4,483.89","Tfr Transfer Debit            CUR TO 3299033656","00722000313"
"Withdrawals Debits Other","03/09","","105,685.01","Tfr Transfer Debit            CUR TO 3299041832","00722000478"
"Withdrawals Debits Other","03/09","","259,597.17","Tfr Transfer Debit            CUR TO 3299035446","00722000339"
"Withdrawals Debits Other","03/09","","1,540,618.47","Zero Balance Transfer         TRSF TO 4426395434","00722154297"
"Withdrawals Debits Other","03/09","","34,281,407.34","Tfr Transfer Debit            CUR TO 3299033649","00722000311"
"Withdrawals Debits Other","03/10","","8.59","Tfr Transfer Debit            CUR TO 3299033656","00722000316"
"Withdrawals Debits Other","03/10","","12.30","Zero Balance Transfer         TRSF TO 3756570043","00722020162"
"Withdrawals Debits Other","03/10","","946.40","Zero Balance Transfer         TRSF TO 3756570085","00722020172"
"Withdrawals Debits Other","03/10","","5,054.64","Tfr Transfer Debit            CUR TO 3299041832","00722000481"
"Withdrawals Debits Other","03/10","","142,488.84","Tfr Transfer Debit            CUR TO 3299035446","00722000340"
"Withdrawals Debits Other","03/10","","170,960.72","Tfr Transfer Debit            CUR TO 3299041840","00722000483"
"Withdrawals Debits Other","03/10","","1,731,581.02","Zero Balance Transfer         TRSF TO 4426395434","00722121793"
"Withdrawals Debits Other","03/10","","3,941,063.66","Tfr Transfer Debit            CUR TO 3299033649","00722000314"
"Withdrawals Debits Other","03/11","","2,818.13","Zero Balance Transfer         TRSF TO 3756570085","00722017933"
"Withdrawals Debits Other","03/11","","8,416.75","Tfr Transfer Debit            CUR TO 3299033656","00722000319"
"Withdrawals Debits Other","03/11","","1,147,523.72","Tfr Transfer Debit            CUR TO 3299035446","00722000345"
"Withdrawals Debits Other","03/11","","1,212,284.68","Tfr Transfer Debit            CUR TO 3299041840","00722000499"
"Withdrawals Debits Other","03/11","","5,166,245.51","Tfr Transfer Debit            CUR TO 3299033649","00722000317"
"Withdrawals Debits Other","03/11","","20,058,342.13","Tfr Transfer Debit            CUR TO 3299041832","00722000497"
"Withdrawals Debits Other","03/11","","175,445,729.62","Zero Balance Transfer         TRSF TO 4426395434","00722017923"
"Withdrawals Debits Other","03/12","","91.00","Zero Balance Transfer         TRSF TO 3756570043","00722018344"
"Withdrawals Debits Other","03/12","","1,142.95","Zero Balance Transfer         TRSF TO 3756570085","00722018354"
"Withdrawals Debits Other","03/12","","40,908.08","Tfr Transfer Debit            CUR TO 3299033656","00722000309"
"Withdrawals Debits Other","03/12","","419,273.74","Tfr Transfer Debit            CUR TO 3299035446","00722000335"
"Withdrawals Debits Other","03/12","","835,443.00","Tfr Transfer Debit            CUR TO 3299041840","00722000509"
"Withdrawals Debits Other","03/12","","1,002,273.76","Zero Balance Transfer         TRSF TO 4426395434","00722109916"
"Withdrawals Debits Other","03/12","","13,498,965.28","Tfr Transfer Debit            CUR TO 3299041832","00722000507"
"Withdrawals Debits Other","03/12","","55,510,709.76","Tfr Transfer Debit            CUR TO 3299033649","00722000307"
"Withdrawals Debits Other","03/13","","5.00","Tfr Transfer Debit            CUR TO 3299041840","00722000515"
"Withdrawals Debits Other","03/13","","744.65","Zero Balance Transfer         TRSF TO 3756570043","00722018307"
"Withdrawals Debits Other","03/13","","757.39","Zero Balance Transfer         TRSF TO 3756570085","00722018315"
"Withdrawals Debits Other","03/13","","5,886.69","Tfr Transfer Debit            CUR TO 3299041832","00722000513"
"Withdrawals Debits Other","03/13","","10,146.00","Tfr Transfer Debit            CUR TO 3299033656","00722000319"
"Withdrawals Debits Other","03/13","","539,484.56","Tfr Transfer Debit            CUR TO 3299035446","00722000341"
"Withdrawals Debits Other","03/13","","1,727,092.13","Zero Balance Transfer         TRSF TO 4426395434","00722111185"
"Withdrawals Debits Other","03/13","","23,139,292.19","Tfr Transfer Debit            CUR TO 3299033649","00722000317"
"Withdrawals Debits Other","03/16","","186.41","Zero Balance Transfer         TRSF TO 3756570085","00722027277"
"Withdrawals Debits Other","03/16","","202.90","Zero Balance Transfer         TRSF TO 3756570043","00722027269"
"Withdrawals Debits Other","03/16","","1,425.87","Tfr Transfer Debit            CUR TO 3299033656","00722000328"
"Withdrawals Debits Other","03/16","","139,574.40","Tfr Transfer Debit            CUR TO 3299041832","00722000521"
"Withdrawals Debits Other","03/16","","480,483.46","Tfr Transfer Debit            CUR TO 3299035446","00722000352"
"Withdrawals Debits Other","03/16","","9,738,101.70","Zero Balance Transfer         TRSF TO 4426395434","00722159073"
"Withdrawals Debits Other","03/16","","28,889,835.34","Tfr Transfer Debit            CUR TO 3299033649","00722000326"
"Withdrawals Debits Other","03/17","","728.00","Zero Balance Transfer         TRSF TO 3756570043","00722018637"
"Withdrawals Debits Other","03/17","","5,127.06","Tfr Transfer Debit            CUR TO 3299041832","00722000486"
"Withdrawals Debits Other","03/17","","7,178.54","Tfr Transfer Debit            CUR TO 3299033656","00722000325"
"Withdrawals Debits Other","03/17","","152,344.85","Tfr Transfer Debit            CUR TO 3299041840","00722000488"
"Withdrawals Debits Other","03/17","","261,891.57","Zero Balance Transfer         TRSF TO 4426395434","00722112863"
"Withdrawals Debits Other","03/17","","1,007,954.80","Tfr Transfer Debit            CUR TO 3299035446","00722000349"
"Withdrawals Debits Other","03/17","","10,525,074.77","Tfr Transfer Debit            CUR TO 3299033649","00722000323"
"Withdrawals Debits Other","03/18","","1,773.49","Zero Balance Transfer         TRSF TO 3756570085","00722016483"
"Withdrawals Debits Other","03/18","","4,211.81","Zero Balance Transfer         TRSF TO 3756570043","00722016477"
"Withdrawals Debits Other","03/18","","4,925.89","Tfr Transfer Debit            CUR TO 3299033656","00722000326"
"Withdrawals Debits Other","03/18","","12,359.75","Tfr Transfer Debit            CUR TO 3299041832","00722000484"
"Withdrawals Debits Other","03/18","","67,284.60","Tfr Transfer Debit            CUR TO 3299041840","00722000486"
"Withdrawals Debits Other","03/18","","713,092.76","Tfr Transfer Debit            CUR TO 3299035446","00722000350"
"Withdrawals Debits Other","03/18","","3,462,256.80","Tfr Transfer Debit            CUR TO 3299033649","00722000324"
"Withdrawals Debits Other","03/18","","139,491,627.58","Zero Balance Transfer         TRSF TO 4426395434","00722016474"
"Withdrawals Debits Other","03/19","","631.86","Zero Balance Transfer         TRSF TO 3756570043","00722015842"
"Withdrawals Debits Other","03/19","","1,205.54","Zero Balance Transfer         TRSF TO 3756570085","00722015850"
"Withdrawals Debits Other","03/19","","3,376.60","Tfr Transfer Debit            CUR TO 3299041832","00722000496"
"Withdrawals Debits Other","03/19","","64,971.78","Tfr Transfer Debit            CUR TO 3299035446","00722000335"
"Withdrawals Debits Other","03/19","","454,614.35","Tfr Transfer Debit            CUR TO 3299033656","00722000311"
"Withdrawals Debits Other","03/19","","1,216,845.54","Zero Balance Transfer         TRSF TO 4426395434","00722097233"
"Withdrawals Debits Other","03/19","","5,917,458.29","Tfr Transfer Debit            CUR TO 3299033649","00722000309"
"Withdrawals Debits Other","03/20","","682.74","Zero Balance Transfer         TRSF TO 3756570085","00722016262"
"Withdrawals Debits Other","03/20","","2,279.19","Tfr Transfer Debit            CUR TO 3299033656","00722000314"
"Withdrawals Debits Other","03/20","","3,603.80","Tfr Transfer Debit            CUR TO 3299041832","00722000474"
"Withdrawals Debits Other","03/20","","3,960.06","Zero Balance Transfer         TRSF TO 3756570043","00722016256"
"Withdrawals Debits Other","03/20","","264,270.45","Zero Balance Transfer         TRSF TO 4426395434","00722098575"
"Withdrawals Debits Other","03/20","","373,947.50","Tfr Transfer Debit            CUR TO 3299035446","00722000332"
"Withdrawals Debits Other","03/20","","14,334,083.16","Tfr Transfer Debit            CUR TO 3299033649","00722000312"
"Withdrawals Debits Other","03/23","","220.66","Zero Balance Transfer         TRSF TO 3756570085","00722021351"
"Withdrawals Debits Other","03/23","","437.93","Zero Balance Transfer         TRSF TO 3756570043","00722021345"
"Withdrawals Debits Other","03/23","","650.08","Tfr Transfer Debit            CUR TO 3299041832","00722000500"
"Withdrawals Debits Other","03/23","","4,884.90","Tfr Transfer Debit            CUR TO 3299033656","00722000304"
"Withdrawals Debits Other","03/23","","558,224.98","Tfr Transfer Debit            CUR TO 3299035446","00722000328"
"Withdrawals Debits Other","03/23","","1,147,876.29","Zero Balance Transfer         TRSF TO 4426395434","00722120727"
"Withdrawals Debits Other","03/23","","8,926,169.16","Tfr Transfer Debit            CUR TO 3299033649","00722000302"
"Withdrawals Debits Other","03/24","","54.83","Zero Balance Transfer         TRSF TO 3756570085","00722014668"
"Withdrawals Debits Other","03/24","","735.53","Zero Balance Transfer         TRSF TO 3756570043","00722014662"
"Withdrawals Debits Other","03/24","","10,650.41","Zero Balance Transfer         TRSF TO 4426395434","00722089219"
"Withdrawals Debits Other","03/24","","98,274.65","Tfr Transfer Debit            CUR TO 3299035446","00722000337"
"Withdrawals Debits Other","03/24","","100,002.61","Tfr Transfer Debit            CUR TO 3299033656","00722000313"
"Withdrawals Debits Other","03/24","","147,434.17","Tfr Transfer Debit            CUR TO 3299041840","00722000484"
"Withdrawals Debits Other","03/24","","5,462,532.31","Tfr Transfer Debit            CUR TO 3299033649","00722000311"
"Withdrawals Debits Other","03/25","","157.52","Zero Balance Transfer         TRSF TO 3756570085","00722013971"
"Withdrawals Debits Other","03/25","","2,128.49","Zero Balance Transfer         TRSF TO 3756570043","00722013963"
"Withdrawals Debits Other","03/25","","466,629.43","Zero Balance Transfer         TRSF TO 4426395434","00722005208"
"Withdrawals Debits Other","03/25","","508,883.36","Tfr Transfer Debit            CUR TO 3299041840","00722000469"
"Withdrawals Debits Other","03/25","","9,163,426.66","Tfr Transfer Debit            CUR TO 3299041832","00722000467"
"Withdrawals Debits Other","03/25","","31,919,534.73","Tfr Transfer Debit            CUR TO 3299033649","00722000298"
"Withdrawals Debits Other","03/25","","125,070,694.10","Zero Balance Transfer         TRSF TO 4426395434","00722013960"
"Withdrawals Debits Other","03/26","","219.26","Zero Balance Transfer         TRSF TO 3756570043","00722013238"
"Withdrawals Debits Other","03/26","","909.70","Tfr Transfer Debit            CUR TO 3299033656","00722000303"
"Withdrawals Debits Other","03/26","","1,006.47","Zero Balance Transfer         TRSF TO 3756570085","00722013246"
"Withdrawals Debits Other","03/26","","160,723.64","Tfr Transfer Debit            CUR TO 3299035446","00722000329"
"Withdrawals Debits Other","03/26","","220,425.18","Tfr Transfer Debit            CUR TO 3299041840","00722000511"
"Withdrawals Debits Other","03/26","","300,571.98","Zero Balance Transfer         TRSF TO 4426395434","00722082533"
"Withdrawals Debits Other","03/26","","4,799,276.06","Tfr Transfer Debit            CUR TO 3299041832","00722000509"
"Withdrawals Debits Other","03/26","","23,222,177.70","Tfr Transfer Debit            CUR TO 3299033649","00722000301"
"Withdrawals Debits Other","03/27","","5.00","Tfr Transfer Debit            CUR TO 3299041840","00722000463"
"Withdrawals Debits Other","03/27","","235.75","Zero Balance Transfer         TRSF TO 3756570085","00722015012"
"Withdrawals Debits Other","03/27","","2,261.58","Tfr Transfer Debit            CUR TO 3299041832","00722000461"
"Withdrawals Debits Other","03/27","","3,110.75","Tfr Transfer Debit            CUR TO 3299033656","00722000313"
"Withdrawals Debits Other","03/27","","147,532.80","Tfr Transfer Debit            CUR TO 3299035446","00722000339"
"Withdrawals Debits Other","03/27","","708,304.40","Zero Balance Transfer         TRSF TO 4426395434","00722089792"
"Withdrawals Debits Other","03/27","","5,659,006.82","Tfr Transfer Debit            CUR TO 3299033649","00722000311"
"Daily Balance","02/28",".00",".00"
"Daily Balance","03/27",".00",".00"
